,Municipality,Total,BE,CDS-PP,CDS-PP.PPM,JPP,L/TDA,MPT,NC,PAN,PCP-PEV,PCTP/MRPP,PDR,PNR,PPD/PSD,PPD/PSD.CDS-PP,PPM,PPV/CDC,PS,PTP,PTP-MAS,PURP,Winning_Party,Winning_Party_Fraction_Votes,Total_Number_People,Total_0-14,Total_15-65,Total_65>,Fraction_0-14,Fraction_15-65,Fraction_65>,Coordinates,x,y,Total_Avarage_income,Male_Avarage_income,Female_Avarage_Income,Unemployment_%Rate_2017,Unemployment_Rate_2017
0,Arcos de Valdevez,11461,523,0,0,5,28,27,99,69,298,72,202,50,0,6577,71,33,3264,0,130,13,PPD/PSD.CDS-PP,0.5738591745920949,21234,2146,12193.0,6896.0,0.10106433079024206,0.5742205896204201,0.32476217387209194,"(41.8458289, -8.419221300000002)",41.8458289,-8.4192213,708.4,747.2,676.3,5.1,0.051
1,Caminha,8716,765,0,0,7,30,34,68,95,514,62,134,41,0,3455,41,27,3372,0,52,19,PPD/PSD.CDS-PP,0.39639743001376776,15934,1764,10159.0,4012.0,0.11070666499309652,0.6375674657964102,0.2517886280908749,"(41.8772779, -8.8388267)",41.877277899999996,-8.838826699999998,715.4,759.5,672.6,5,0.05
2,Melgaço,3659,215,0,0,5,12,11,36,24,93,29,53,16,0,1672,16,11,1426,0,34,6,PPD/PSD.CDS-PP,0.4569554523093741,8325,701,4559.0,3066.0,0.0842042042042042,0.5476276276276276,0.3682882882882883,"(42.1144544, -8.2579742)",42.1144544,-8.2579742,689.9,750.8,648.6,3.4,0.034
3,Monção,8989,634,0,0,15,30,21,83,46,230,59,149,31,0,4771,40,23,2768,0,82,7,PPD/PSD.CDS-PP,0.5307598175547892,18117,1760,11038.0,5320.0,0.09714632665452337,0.6092620190980846,0.2936468510239002,"(42.0771855, -8.4819441)",42.0771855,-8.4819441,682.8,723.7,642.4,3.6,0.036000000000000004
4,Paredes de Coura,4226,286,0,0,2,12,8,57,31,157,42,100,17,0,1596,26,17,1809,0,59,7,PS,0.4280643634642688,8665,1011,5226.0,2428.0,0.11667628390075015,0.6031159838430468,0.2802077322562031,"(41.9130455, -8.5614589)",41.9130455,-8.5614589,666.8,696.4,644.8,4.6,0.046
5,Ponte da Barca,6313,336,0,0,5,19,11,48,28,155,38,100,15,0,3121,26,14,2328,0,67,2,PPD/PSD.CDS-PP,0.49437668303500715,11340,1242,7305.0,2793.0,0.10952380952380952,0.6441798941798942,0.2462962962962963,"(41.8056373, -8.4157905)",41.805637299999994,-8.4157905,691.2,701.3,679.7,5.1,0.051
6,Ponte de Lima,23462,1379,0,0,27,52,83,161,143,976,198,505,94,0,14289,132,92,5137,0,151,43,PPD/PSD.CDS-PP,0.60902736339613,41892,5454,27493.0,8946.0,0.13019192208536237,0.6562828224959419,0.2135491263248353,"(41.7647333, -8.5827407)",41.764733299999996,-8.582740699999999,677.6,708.2,642.0,4.3,0.043
7,Valença,6259,437,0,0,7,11,21,66,64,255,58,108,24,0,3155,29,19,1966,0,33,6,PPD/PSD.CDS-PP,0.5040741332481227,13389,1560,8549.0,3281.0,0.11651355590410038,0.6385092239898424,0.2450519082829188,"(42.02688939999999, -8.6421195)",42.026889399999995,-8.642119500000002,707.5,750.9,660.6,5.4,0.054000000000000006
8,Viana do Castelo,45508,5264,0,0,82,244,207,375,551,3896,513,986,253,0,17921,136,136,14528,0,314,102,PPD/PSD.CDS-PP,0.3937988925024172,85231,10616,55844.0,18772.0,0.12455561943424341,0.6552076122537575,0.22024850113221714,"(41.6918046, -8.834451)",41.691804600000005,-8.834451,801.6,855.8,734.3,5.5,0.055
9,Vila Nova de Cerveira,4526,386,0,0,5,15,22,44,35,152,42,63,18,0,1952,18,18,1711,0,37,8,PPD/PSD.CDS-PP,0.43128590366769776,8870,1060,5743.0,2067.0,0.11950394588500564,0.6474633596392334,0.233032694475761,"(41.9428454, -8.7408025)",41.942845399999996,-8.7408025,805.2,881.9,725.6,3.9,0.039
10,Amares,9965,745,0,0,11,40,23,15,62,395,121,189,49,0,5477,14,30,2736,0,33,25,PPD/PSD.CDS-PP,0.5496236828901154,18165,2410,12448.0,3307.0,0.13267272226809798,0.6852738783374621,0.18205339939443985,"(41.63165619999999, -8.3487113)",41.6316562,-8.3487113,663.3,673.3,646.4,6,0.06
11,Barcelos,67058,4948,0,0,72,248,208,121,481,2170,543,1294,278,0,37326,133,111,18758,0,265,102,PPD/PSD.CDS-PP,0.556622625190134,117345,15734,81981.0,19631.0,0.13408325876688398,0.6986322382717628,0.16729302484127997,"(41.5320504, -8.6190525)",41.532050399999996,-8.619052499999999,714.4,752.7,678.7,3.7,0.037000000000000005
12,Braga,95783,10443,0,0,138,747,354,237,957,7450,1179,1585,426,0,40314,211,229,30929,0,357,227,PPD/PSD.CDS-PP,0.42088888424877063,181282,26519,126077.0,28687.0,0.1462858971105791,0.6954744541653336,0.1582451649915601,"(41.5454486, -8.426506999999999)",41.5454486,-8.426507,852.2,913.5,772.0,6.5,0.065
13,Esposende,17948,1340,0,0,30,90,74,41,185,741,195,383,84,0,10410,33,47,4181,0,73,41,PPD/PSD.CDS-PP,0.5800089146423,33962,4957,23369.0,5636.0,0.14595724633413815,0.6880925740533538,0.1659501796125081,"(41.5309169, -8.7805652)",41.5309169,-8.780565199999998,725.5,758.1,683.2,4.1,0.040999999999999995
14,Terras de Bouro,3910,194,0,0,3,10,54,10,22,189,41,42,12,0,2228,15,7,1060,0,15,8,PPD/PSD.CDS-PP,0.5698209718670076,6524,709,4088.0,1728.0,0.10867565910484366,0.6266094420600858,0.26486817903126914,"(41.7167409, -8.306244399999999)",41.7167409,-8.3062444,727.8,863.9,612.0,8.1,0.081
15,Vila Verde,24262,1598,0,0,24,106,68,57,165,681,223,471,100,0,14495,54,58,5983,0,120,59,PPD/PSD.CDS-PP,0.5974363201714615,47032,6652,31642.0,8738.0,0.1414356183024324,0.6727759823099166,0.18578839938765096,"(41.6514763, -8.4349104)",41.6514763,-8.434910400000001,687.2,712.6,657.3,5,0.05
16,Cabeceiras de Basto,8873,375,0,0,8,80,25,13,33,187,49,85,12,0,4110,11,19,3832,0,21,13,PPD/PSD.CDS-PP,0.4632029753183816,15889,2176,10688.0,3025.0,0.1369500912581031,0.6726666247089181,0.1903832840329788,"(41.5116939, -7.9979753)",41.511693900000004,-7.997975299999999,648,667.7,626.2,9.1,0.091
17,Fafe,27305,2194,0,0,87,128,92,40,181,1244,357,358,100,0,12081,34,53,10229,0,82,45,PPD/PSD.CDS-PP,0.44244643838124886,48742,6234,33423.0,9085.0,0.12789791145213575,0.6857125271839482,0.18638956136391613,"(41.4512581, -8.1708837)",41.451258100000004,-8.1708837,671.2,698.2,647.0,7.1,0.071
18,Guimarães,88303,9530,0,0,126,433,336,192,699,6456,1466,1418,341,0,36009,179,227,30477,0,259,155,PPD/PSD.CDS-PP,0.40778908983839735,153645,20374,107597.0,25674.0,0.132604380227147,0.7002961371993882,0.1670994825734648,"(41.44253, -8.2917857)",41.44253,-8.2917857,743.9,778.2,704.6,6.8,0.068
19,Mondim de Basto,3798,192,0,0,0,12,7,10,15,113,41,28,14,0,2220,8,0,1106,0,21,11,PPD/PSD.CDS-PP,0.584518167456556,7046,771,4738.0,1537.0,0.10942378654555776,0.6724382628441669,0.21813795061027533,"(41.4112348, -7.9526065)",41.4112348,-7.9526065,625.6,616.6,635.4,9.2,0.092
20,Póvoa de Lanhoso,11952,731,0,0,14,30,32,22,104,356,108,172,36,0,6340,16,32,3897,0,43,19,PPD/PSD.CDS-PP,0.5304551539491299,21493,2831,14715.0,3948.0,0.13171730330805378,0.6846415111896896,0.18368771227841624,"(41.5784784, -8.2689012)",41.5784784,-8.2689012,658.7,677.8,641.8,6.7,0.067
21,Vieira do Minho,7163,419,0,0,8,27,10,10,44,245,69,80,20,0,3773,19,11,2387,0,30,11,PPD/PSD.CDS-PP,0.5267346084042999,12076,1325,7923.0,2829.0,0.10972176217290494,0.6560947333554157,0.234266313348791,"(41.63437620000001, -8.141662499999999)",41.634376200000005,-8.1416625,685.6,718,651.0,10.2,0.102
22,Vila Nova de Famalicão,72979,6935,0,0,79,301,237,144,605,3524,830,1097,264,0,34059,117,125,24293,0,231,138,PPD/PSD.CDS-PP,0.46669589882020857,132123,17851,91972.0,22301.0,0.1351089515073076,0.6961089288011928,0.1687896883964185,"(41.41112589999999, -8.5237319)",41.411125899999995,-8.5237319,804.4,871.7,722.5,5.3,0.053
23,Vizela,12463,1696,0,0,22,55,46,55,77,699,171,217,73,0,4427,21,21,4823,0,40,20,PS,0.3869854770119554,23750,3211,17194.0,3345.0,0.1352,0.7239578947368421,0.1408421052631579,"(41.3764108, -8.309834799999999)",41.376410799999995,-8.309834799999999,662.2,702.6,629.0,5.4,0.054000000000000006
24,Arouca,11565,591,0,0,18,29,29,28,77,241,86,100,40,0,7816,47,25,2378,0,39,21,PPD/PSD.CDS-PP,0.675832252485949,21125,2829,14001.0,4296.0,0.13391715976331361,0.6627692307692308,0.20336094674556213,"(40.9321489, -8.245099)",40.9321489,-8.245099,712.8,751.2,654.4,3.8,0.038
25,Espinho,18136,1920,0,0,17,94,50,46,216,1518,235,204,69,0,7125,67,57,6436,0,52,30,PPD/PSD.CDS-PP,0.39286501985002203,29547,3392,18842.0,7313.0,0.1148001489152875,0.6376958743696484,0.24750397671506413,"(41.0071914, -8.641033199999999)",41.007191399999996,-8.641033199999999,779,839.3,720.4,12.1,0.121
26,Gondomar,83295,11231,0,0,139,375,362,254,1590,9052,1313,943,426,0,28246,190,0,28769,0,241,164,PS,0.34538687796386336,165685,22070,112766.0,30849.0,0.1332045749464345,0.6806047620484654,0.18619066300510004,"(41.13955989999999, -8.5291423)",41.1395599,-8.5291423,768.8,791.4,738.9,9.3,0.09300000000000001
27,Maia,70465,9626,0,0,103,407,313,216,1559,4846,709,870,351,0,27964,172,0,22970,0,246,113,PPD/PSD.CDS-PP,0.39684949975164974,136390,20514,92884.0,22992.0,0.15040692132854314,0.6810176699171494,0.1685754087543075,"(41.2278891, -8.621049)",41.2278891,-8.621049000000001,959.4,1048.6,838.2,7,0.07
28,Matosinhos,90180,12411,0,0,115,604,310,362,1870,6811,942,957,420,0,30653,237,0,34071,0,279,138,PS,0.37781104457751163,173546,23288,115487.0,34772.0,0.13418920631993822,0.6654546921277356,0.20036186371336706,"(41.1844362, -8.696277499999999)",41.1844362,-8.696277499999999,1006,1074.1,914.9,7.7,0.077
29,Oliveira de Azeméis,34636,3403,0,0,47,136,157,112,326,1103,307,507,182,0,17213,108,85,10763,0,129,58,PPD/PSD.CDS-PP,0.49696847210994344,66377,7807,44941.0,13630.0,0.11761604170119168,0.6770568118474772,0.20534221191075222,"(40.8387294, -8.4769763)",40.8387294,-8.4769763,869.3,954.4,725.3,3.5,0.035
30,Paredes,43375,3622,0,0,53,140,166,131,446,2206,438,444,221,0,23139,131,0,12028,0,138,72,PPD/PSD.CDS-PP,0.5334639769452449,86189,13240,60798.0,12152.0,0.1536158906589008,0.7054032417129796,0.14099247003677964,"(41.2053076, -8.3304861)",41.2053076,-8.330486099999998,701.2,715.4,679.7,8.1,0.081
31,Porto,129922,15222,0,0,97,1264,345,337,2522,11213,1109,1122,524,0,51611,310,0,43730,0,258,258,PPD/PSD.CDS-PP,0.3972460399316513,214353,27009,127402.0,59943.0,0.1260024352353361,0.5943560388704613,0.27964619109599587,"(41.1579438, -8.629105299999999)",41.1579438,-8.6291053,1091.7,1213.1,969.6,12.5,0.125
32,Póvoa de Varzim,30985,2580,0,0,29,143,109,74,424,1420,233,382,169,0,17376,65,0,7834,0,100,47,PPD/PSD.CDS-PP,0.5607874778118445,62360,9098,42274.0,10988.0,0.14589480436177035,0.677902501603592,0.1762026940346376,"(41.3803685, -8.7609294)",41.3803685,-8.7609294,771.5,837.3,702.7,6.6,0.066
33,Santa Maria da Feira,70731,7899,0,0,90,270,287,200,689,3003,740,1097,356,0,31701,249,141,23611,0,274,124,PPD/PSD.CDS-PP,0.44819103363447427,138740,18614,95452.0,24674.0,0.13416462447743982,0.687991927346115,0.17784344817644515,"(40.926794, -8.5483247)",40.926794,-8.548324699999998,845.8,916,750.0,5.9,0.059000000000000004
34,Santo Tirso,38479,3817,0,0,46,135,102,99,437,2310,463,440,225,0,15603,99,0,14523,0,127,53,PPD/PSD.CDS-PP,0.4054939057667819,68754,7808,46399.0,14548.0,0.11356430171335485,0.6748552811472787,0.21159496174768014,"(41.3431376, -8.4738078)",41.3431376,-8.473807800000001,762.4,805.8,716.8,7.8,0.078
35,São João da Madeira,11434,1268,0,0,8,57,47,44,160,663,93,164,66,0,4733,26,24,4037,0,21,23,PPD/PSD.CDS-PP,0.41394087808291063,21521,2758,14722.0,4041.0,0.12815389619441475,0.6840760187723619,0.18777008503322337,"(40.90052379999999, -8.490671599999999)",40.900523799999995,-8.4906716,838.5,918,756.5,5,0.05
36,Trofa,20280,2052,0,0,38,60,86,57,249,1058,209,241,104,0,9781,66,0,6196,0,59,24,PPD/PSD.CDS-PP,0.48229783037475343,38234,5080,26668.0,6487.0,0.13286603546581577,0.6974943767327509,0.16966574253282418,"(41.3389988, -8.559548800000002)",41.3389988,-8.559548800000002,847.7,877.2,795.9,7.2,0.07200000000000001
37,Vale de Cambra,12455,1081,0,0,15,61,49,33,129,351,96,179,65,0,7220,62,35,3019,0,40,20,PPD/PSD.CDS-PP,0.5796868727418707,21601,2437,13951.0,5213.0,0.11281885097912134,0.6458497291792047,0.241331419841674,"(40.8429643, -8.395616799999999)",40.8429643,-8.3956168,902.8,1004.1,738.7,3.9,0.039
38,Valongo,47467,6436,0,0,90,268,202,135,885,4072,645,627,261,0,16729,148,0,16702,0,174,93,PPD/PSD.CDS-PP,0.352434322792677,95660,14131,65302.0,16227.0,0.147721095546728,0.6826468743466444,0.16963203010662764,"(41.188745, -8.4983411)",41.188745000000004,-8.4983411,791.5,830.2,734.9,9.1,0.091
39,Vila do Conde,39312,4020,0,0,68,168,140,103,624,2161,397,475,212,0,16860,91,0,13777,0,150,66,PPD/PSD.CDS-PP,0.42887667887667885,79373,11605,53535.0,14233.0,0.1462084084008416,0.6744736875259849,0.1793179040731735,"(41.3519329, -8.747142300000002)",41.351932899999994,-8.7471423,876.5,956.8,763.7,5.9,0.059000000000000004
40,Vila Nova de Gaia,154699,21156,0,0,215,949,658,464,3182,12604,2080,2002,815,0,55394,373,0,54010,0,490,307,PPD/PSD.CDS-PP,0.35807600566260933,299911,41713,202784.0,55414.0,0.1390845950965453,0.6761472570195824,0.18476814788387222,"(41.1238759, -8.611785099999999)",41.123875899999994,-8.611785099999999,896.4,944.8,832.6,11.2,0.11199999999999999
41,Boticas,3330,85,0,0,0,7,7,13,8,76,23,19,2,0,2275,15,0,771,0,23,6,PPD/PSD.CDS-PP,0.6831831831831832,5178,477,3025.0,1677.0,0.0921205098493627,0.5842023947470065,0.3238702201622248,"(41.6984124, -7.6710889)",41.6984124,-7.671088900000001,666.5,708,630.6,6.4,0.064
42,Chaves,19959,1152,0,0,0,80,68,46,150,634,198,239,76,0,10749,59,0,6377,0,95,36,PPD/PSD.CDS-PP,0.5385540357733354,39591,4236,24768.0,10588.0,0.10699401379101312,0.6255967265287565,0.2674345179459978,"(41.7410586, -7.470604599999999)",41.7410586,-7.470604600000001,751.9,815.6,684.6,8.1,0.081
43,Montalegre,5928,182,0,0,0,12,12,10,13,64,46,30,8,0,2944,19,0,2563,0,21,4,PPD/PSD.CDS-PP,0.4966261808367072,9280,723,5307.0,3250.0,0.0779094827586207,0.571875,0.35021551724137934,"(41.825411, -7.7886089)",41.825410999999995,-7.788608900000001,674.2,695.8,648.9,6.8,0.068
44,Ribeira de Pena,3425,104,0,0,0,17,10,5,7,69,35,26,1,0,1760,15,0,1351,0,20,5,PPD/PSD.CDS-PP,0.5138686131386861,6116,686,3809.0,1622.0,0.11216481360366252,0.6227926749509484,0.26520601700457813,"(41.5199011, -7.793851)",41.5199011,-7.793850999999999,766.1,822.6,685.8,8.3,0.083
45,Valpaços,8882,312,0,0,0,19,28,35,28,120,56,46,16,0,6133,39,0,1981,0,60,9,PPD/PSD.CDS-PP,0.6904976356676424,15224,1359,8569.0,5296.0,0.08926694692590646,0.5628612716763006,0.34787178139779296,"(41.6069681, -7.3104483)",41.6069681,-7.310448299999999,675.3,694.3,657.0,8.1,0.081
46,Vila Pouca de Aguiar,7231,249,0,0,0,15,24,17,29,219,79,40,12,0,4005,20,0,2476,0,39,7,PPD/PSD.CDS-PP,0.5538653021712073,12161,1112,7450.0,3600.0,0.09143984869665324,0.6126140942356714,0.2960282871474385,"(41.5002387, -7.6432318)",41.500238700000004,-7.6432318,697.6,716.6,669.9,8.7,0.087
47,Amarante,27788,2092,0,0,34,102,141,60,183,1065,217,544,176,0,12634,69,0,10354,0,69,48,PPD/PSD.CDS-PP,0.4546566863394271,53781,7018,37115.0,9649.0,0.13049218125360257,0.6901136088953348,0.179412803778286,"(41.26963569999999, -8.0826488)",41.2696357,-8.0826488,711.8,721.5,696.2,8.3,0.083
48,Baião,8836,552,0,0,5,17,22,26,59,263,68,56,45,0,3428,25,0,4229,0,30,11,PS,0.47861023087369853,19153,2350,12856.0,3948.0,0.1226961833655302,0.6712264397222367,0.20612958805409073,"(41.16177150000001, -8.035514)",41.1617715,-8.035514,645.9,664.6,624.5,11,0.11
49,Castelo de Paiva,8243,665,0,0,6,24,11,15,38,239,62,69,28,0,3933,32,16,3067,0,23,15,PPD/PSD.CDS-PP,0.477132112095111,15738,2117,10804.0,2818.0,0.13451518617359257,0.6864912949548863,0.1790570593468039,"(41.0409444, -8.2714736)",41.040944399999994,-8.271473599999998,661.9,710.2,623.3,8.2,0.08199999999999999
50,Celorico de Basto,9557,597,0,0,15,38,45,15,67,295,84,109,41,0,5308,27,23,2827,0,51,15,PPD/PSD.CDS-PP,0.5554044156115936,19264,2347,13044.0,3873.0,0.12183347176079734,0.6771179401993356,0.2010485880398671,"(41.38694960000001, -8.002203399999999)",41.3869496,-8.002203399999999,620.1,621.7,618.3,8.1,0.081
51,Cinfães,8657,501,0,0,0,25,47,19,53,284,99,70,16,0,4324,22,0,3139,0,34,24,PPD/PSD.CDS-PP,0.49948018944207,18775,2428,12100.0,4248.0,0.1293209054593875,0.644474034620506,0.2262583222370173,"(41.071713, -8.0898477)",41.071713,-8.0898477,680.7,707.2,628.8,11.8,0.11800000000000001
52,Felgueiras,29944,2804,0,0,46,75,103,86,211,1291,327,342,198,0,14938,88,0,9301,0,93,41,PPD/PSD.CDS-PP,0.49886454715468875,56838,7783,40686.0,8370.0,0.13693303775643056,0.7158239206164889,0.14726063549034096,"(41.367707, -8.1951206)",41.367707,-8.1951206,685.5,737.8,626.9,4.6,0.046
53,Lousada,23147,1905,0,0,36,61,74,102,191,1097,224,261,114,0,11021,65,0,7885,0,74,37,PPD/PSD.CDS-PP,0.476130816088478,46870,6983,33800.0,6087.0,0.14898655856624707,0.7211435886494559,0.129869852784297,"(41.2774793, -8.2837376)",41.277479299999996,-8.283737599999998,640.5,671.2,611.3,5.6,0.055999999999999994
54,Marco de Canaveses,24213,2131,0,0,32,65,91,71,210,1012,233,291,131,0,12094,71,0,7670,0,64,47,PPD/PSD.CDS-PP,0.49948374839962006,51991,7448,36588.0,7955.0,0.14325556346290705,0.7037371852820681,0.1530072512550249,"(41.1845043, -8.1477551)",41.18450429999999,-8.1477551,710.3,756.2,632.7,9.5,0.095
55,Paços de Ferreira,27144,1902,0,0,27,66,87,78,235,1171,239,308,136,0,15220,76,0,7501,0,69,29,PPD/PSD.CDS-PP,0.5607132331270263,56772,8423,40719.0,7630.0,0.1483653913901219,0.7172373705347707,0.13439723807510745,"(41.2785916, -8.372138099999999)",41.278591600000006,-8.372138099999999,662.3,687.9,632.6,7.2,0.07200000000000001
56,Penafiel,37413,3395,0,0,66,115,138,118,418,1908,444,397,222,0,17352,116,0,12534,0,127,63,PPD/PSD.CDS-PP,0.46379600673562665,70206,10338,49250.0,10618.0,0.1472523715921716,0.7015069937042419,0.1512406347035866,"(41.2053186, -8.2896845)",41.2053186,-8.2896845,734.6,765,704.6,7.5,0.075
57,Resende,5781,220,0,0,0,10,20,6,27,188,64,54,9,0,2660,14,0,2484,0,13,12,PPD/PSD.CDS-PP,0.46012800553537453,10426,1287,6751.0,2389.0,0.12344139650872818,0.6475158258200652,0.22913869173220794,"(41.10636150000001, -7.963362999999999)",41.1063615,-7.963363,651.7,667.8,636.6,11.1,0.111
58,Alijó,6125,297,0,0,0,24,22,16,36,220,66,33,13,0,3004,31,0,2325,0,28,10,PPD/PSD.CDS-PP,0.49044897959183675,10870,1135,6421.0,3314.0,0.10441582336706531,0.5907083716651333,0.3048758049678013,"(41.2772291, -7.4749657)",41.2772291,-7.4749657,746.4,801.3,672.6,10.2,0.102
59,Armamar,3117,237,0,0,0,6,13,5,20,190,52,25,10,0,1797,11,0,736,0,13,2,PPD/PSD.CDS-PP,0.5765158806544755,5857,583,3683.0,1592.0,0.09953901314666211,0.6288202151271982,0.2718115075977463,"(41.1000712, -7.681943)",41.10007120000001,-7.6819429999999995,704.6,738.5,667.1,9.5,0.095
60,Carrazeda de Ansiães,3086,186,0,0,3,9,12,10,25,107,38,29,13,0,1634,13,0,992,0,15,0,PPD/PSD.CDS-PP,0.5294880103694103,5763,579,3205.0,1980.0,0.10046850598646538,0.5561339580079819,0.3435710567412806,"(41.2428168, -7.308031299999999)",41.24281679999999,-7.3080313,669.5,673.6,665.3,9.9,0.099
61,Freixo de Espada à Cinta,1754,122,0,0,2,5,4,5,7,53,11,13,4,0,777,5,0,740,0,6,0,PPD/PSD.CDS-PP,0.4429874572405929,3384,366,1982.0,1036.0,0.10815602836879433,0.5856973995271868,0.3061465721040189,"(41.0900806, -6.8087993)",41.09008060000001,-6.8087993,681.6,689.9,672.6,11.3,0.113
62,Lamego,13342,946,0,0,0,61,41,23,86,646,148,132,51,0,6474,32,0,4632,0,42,28,PPD/PSD.CDS-PP,0.48523459751161746,25155,2871,16796.0,5488.0,0.11413237924865832,0.6677002583979328,0.21816736235340886,"(41.0953745, -7.812380500000001)",41.0953745,-7.8123805,730.3,764.3,690.9,13.1,0.131
63,Mesão Frio,2078,167,0,0,0,5,2,9,11,45,34,15,6,0,958,4,0,804,0,17,1,PPD/PSD.CDS-PP,0.46102021174205965,4038,460,2680.0,898.0,0.11391778107974244,0.6636948984645864,0.2223873204556711,"(41.1598648, -7.889922799999999)",41.1598648,-7.8899228,678.4,730.7,636.7,13.3,0.133
64,Moimenta da Beira,4689,246,0,0,0,13,7,16,36,189,59,35,12,0,2523,17,0,1498,0,20,18,PPD/PSD.CDS-PP,0.5380678182981445,9762,1163,6188.0,2411.0,0.11913542306904323,0.6338864986683057,0.24697807826265109,"(40.9813255, -7.615518699999999)",40.9813255,-7.615518700000001,663.9,703.1,623.9,10.6,0.106
65,Murça,3122,176,0,0,0,9,9,3,23,50,28,13,5,0,1724,2,0,1063,0,14,3,PPD/PSD.CDS-PP,0.5522101217168481,5536,606,3309.0,1622.0,0.10946531791907514,0.5977239884393064,0.2929913294797688,"(41.4072842, -7.453387899999999)",41.4072842,-7.4533879,677.6,685.4,668.9,11,0.11
66,Penedono,1349,87,0,0,0,5,5,4,8,53,20,14,3,0,693,1,0,451,0,3,2,PPD/PSD.CDS-PP,0.513713862120089,2663,276,1671.0,717.0,0.10364250844911754,0.6274877957191137,0.26924521216672925,"(40.9903208, -7.3943499)",40.9903208,-7.394349900000001,637.9,622.8,652.2,6.9,0.069
67,Peso da Régua,7860,540,0,0,0,29,22,21,47,404,105,58,26,0,3475,12,0,3081,0,26,14,PPD/PSD.CDS-PP,0.44211195928753183,15982,1824,10662.0,3497.0,0.11412839444374921,0.6671255162057315,0.21880865974220998,"(41.1656737, -7.7867018)",41.1656737,-7.7867017999999995,774.1,847.7,697.8,11.2,0.11199999999999999
68,Sabrosa,3315,184,0,0,0,14,6,12,17,109,28,19,8,0,1634,6,0,1255,0,17,6,PPD/PSD.CDS-PP,0.4929110105580694,5947,644,3678.0,1626.0,0.10828989406423407,0.6184630906339331,0.2734151673112494,"(41.266132, -7.5755135)",41.266132,-7.5755135,756.6,774.5,739.6,8.7,0.087
69,Santa Marta de Penaguião,3783,174,0,0,0,9,8,5,18,121,38,8,4,0,1673,12,0,1699,0,9,5,PS,0.4491144594237378,6734,673,4263.0,1799.0,0.09994059994059994,0.6330561330561331,0.26715176715176714,"(41.2098807, -7.784071899999999)",41.20988070000001,-7.7840719,698.6,703.8,694.1,11.3,0.113
70,São João da Pesqueira,3468,183,0,0,0,11,22,15,29,129,46,36,26,0,1936,8,0,1006,0,14,7,PPD/PSD.CDS-PP,0.558246828143022,7237,833,4729.0,1676.0,0.11510294320851182,0.6534475611441205,0.23158767445073924,"(41.14773810000001, -7.405053300000001)",41.1477381,-7.4050533,756.6,798.8,703.9,5.6,0.055999999999999994
71,Sernancelhe,3157,114,0,0,0,7,12,8,9,45,19,11,8,0,2072,7,0,827,0,12,6,PPD/PSD.CDS-PP,0.656319290465632,5419,542,3461.0,1417.0,0.10001845358922311,0.6386787230116258,0.26148735929138217,"(40.8998417, -7.4900188)",40.8998417,-7.4900188,633.8,640.3,626.3,6.8,0.068
72,Tabuaço,2855,136,0,0,0,9,5,4,23,85,39,26,11,0,1568,7,0,922,0,14,6,PPD/PSD.CDS-PP,0.5492119089316988,6060,544,3999.0,1517.0,0.08976897689768977,0.6599009900990099,0.2503300330033003,"(41.1162713, -7.5674579)",41.1162713,-7.5674579,774.6,845.1,703.4,11.8,0.11800000000000001
73,Tarouca,3522,300,0,0,0,17,11,8,33,167,40,39,16,0,1955,11,0,903,0,15,7,PPD/PSD.CDS-PP,0.5550823395797843,7748,937,5205.0,1606.0,0.12093443469282396,0.6717862674238513,0.20727929788332472,"(41.0174461, -7.775003600000001)",41.0174461,-7.775003599999999,690.5,703.3,672.5,11.5,0.115
74,Torre de Moncorvo,4167,244,0,0,8,19,8,10,19,163,35,37,19,0,1892,17,0,1672,0,24,0,PPD/PSD.CDS-PP,0.4540436765058795,7825,618,4399.0,2809.0,0.07897763578274761,0.5621725239616614,0.3589776357827476,"(41.1856059, -7.0498442)",41.1856059,-7.0498442,679.2,703.2,657.4,8.8,0.08800000000000001
75,Vila Nova de Foz Côa,3599,212,0,0,4,5,12,9,29,142,27,40,15,0,1707,5,0,1375,0,12,5,PPD/PSD.CDS-PP,0.47429841622672964,6635,605,3933.0,2097.0,0.09118311981914091,0.5927656367746797,0.31605124340617935,"(41.0822466, -7.1403598)",41.082246600000005,-7.1403598,742.8,798.5,680.9,6.6,0.066
76,Vila Real,27558,1893,0,0,0,131,81,79,265,1006,227,232,88,0,13708,74,0,9609,0,131,34,PPD/PSD.CDS-PP,0.49742361564699905,50012,6546,33398.0,10069.0,0.1308885867391826,0.6677997280652643,0.2013316803967048,"(41.3010351, -7.7422354)",41.3010351,-7.742235400000001,816.4,846.4,783.8,8.8,0.08800000000000001
77,Alfândega da Fé,2968,146,0,0,6,11,9,7,12,72,32,6,5,0,1384,6,0,1258,0,14,0,PPD/PSD.CDS-PP,0.46630727762803237,4607,389,2725.0,1494.0,0.08443672672020838,0.5914912090297374,0.3242891252441936,"(41.344363, -6.9601807)",41.344363,-6.9601807,652.3,650.8,653.7,11,0.11
78,Bragança,16008,1107,0,0,42,70,49,34,119,553,104,138,45,0,7751,40,0,5882,0,74,0,PPD/PSD.CDS-PP,0.48419540229885055,33717,3885,21654.0,8178.0,0.11522377435714921,0.6422279562238633,0.24254826941898747,"(41.8061131, -6.756737999999999)",41.8061131,-6.756738,777.2,813.9,740.3,5.2,0.052000000000000005
79,Macedo de Cavaleiros,8215,446,0,0,15,27,35,16,38,221,74,76,22,0,4490,42,0,2680,0,33,0,PPD/PSD.CDS-PP,0.5465611685940353,14683,1415,8726.0,4542.0,0.09636995164475924,0.5942927194714976,0.3093373288837431,"(41.5153524, -6.877992600000001)",41.5153524,-6.877992599999999,694.3,708.8,679.6,8.3,0.083
80,Miranda do Douro,3738,158,0,0,2,17,14,12,10,56,16,21,11,0,1928,17,0,1458,0,18,0,PPD/PSD.CDS-PP,0.5157838416265382,6979,610,4085.0,2285.0,0.08740507235993696,0.5853274108038401,0.3274108038400917,"(41.4995412, -6.2712311)",41.4995412,-6.2712311,705.6,761.7,651.4,5.7,0.057
81,Mirandela,11397,726,0,0,10,35,42,31,67,521,121,98,35,0,6305,25,0,3346,0,35,0,PPD/PSD.CDS-PP,0.5532157585329472,22052,2403,13600.0,6050.0,0.10896970796299656,0.6167241066569925,0.2743515327407945,"(41.4853545, -7.180871100000001)",41.4853545,-7.180871099999999,738.2,772.1,707.6,10.1,0.10099999999999999
82,Mogadouro,5265,226,0,0,17,26,13,12,30,87,25,51,6,0,2893,14,0,1840,0,25,0,PPD/PSD.CDS-PP,0.5494776828110162,8624,780,4863.0,2981.0,0.09044526901669758,0.56389146567718,0.34566326530612246,"(41.3419345, -6.7094364)",41.3419345,-6.7094364,684.1,721.9,640.8,8.6,0.086
83,Vila Flor,3461,195,0,0,3,12,9,9,20,145,33,31,15,0,1623,16,0,1344,0,6,0,PPD/PSD.CDS-PP,0.46893961282866226,6148,576,3716.0,1857.0,0.0936890045543266,0.6044242029928432,0.3020494469746259,"(41.30833690000001, -7.1536516)",41.3083369,-7.1536516,669.6,722,623.9,9.9,0.099
84,Vimioso,2457,132,0,0,4,7,8,5,9,52,13,17,3,0,1419,13,0,763,0,12,0,PPD/PSD.CDS-PP,0.5775335775335775,4133,418,2230.0,1485.0,0.10113718848294218,0.5395596419066053,0.35930316961045244,"(41.5844451, -6.529121099999999)",41.5844451,-6.529121099999999,676,687.8,666.1,7.5,0.075
85,Vinhais,4531,170,0,0,9,13,20,9,30,106,35,29,12,0,2312,21,0,1743,0,22,0,PPD/PSD.CDS-PP,0.510262635179872,8037,581,4140.0,3317.0,0.07229065571730746,0.5151175811870101,0.4127161876322011,"(41.8224297, -7.0498442)",41.8224297,-7.0498442,670.5,685.3,652.1,9,0.09
86,Alcobaça,27716,2505,0,0,51,204,116,115,330,1323,320,487,135,0,14456,92,0,7420,0,106,56,PPD/PSD.CDS-PP,0.5215759849906192,54376,6599,35620.0,12158.0,0.12135868765631896,0.6550684125349419,0.22359129027512137,"(39.54866699999999, -8.979649199999999)",39.548667,-8.979649199999999,771.5,844.8,690.3,4.3,0.043
87,Alenquer,19911,2303,0,0,33,152,105,64,266,2947,304,197,95,0,6030,50,0,7215,0,90,60,PS,0.3623625131836673,43390,6760,28409.0,8222.0,0.1557962664208343,0.6547361143120535,0.18949066605208573,"(39.0574004, -9.0063654)",39.0574004,-9.006365400000002,895.8,950.4,796.6,4.2,0.042
88,Arruda dos Vinhos,6384,772,0,0,8,48,28,16,98,652,90,75,32,0,2305,15,0,2198,0,26,21,PPD/PSD.CDS-PP,0.36105889724310775,14814,2397,9597.0,2820.0,0.16180639935196436,0.6478331308221952,0.19036046982584043,"(38.9835516, -9.0774591)",38.9835516,-9.0774591,773.7,807.7,717.8,3.5,0.035
89,Bombarral,6246,580,0,0,19,40,25,24,92,552,81,86,37,0,2797,22,0,1849,0,20,22,PPD/PSD.CDS-PP,0.4478065962215818,12593,1559,8038.0,2997.0,0.12379893591677917,0.638291114111014,0.23798935916779163,"(39.2683079, -9.1581115)",39.268307899999996,-9.1581115,727.1,759.5,691.7,4.3,0.043
90,Cadaval,6804,604,0,0,12,28,29,22,87,405,72,81,32,0,2887,19,0,2472,0,37,17,PPD/PSD.CDS-PP,0.4243092298647854,13750,1721,8390.0,3640.0,0.12516363636363637,0.6101818181818182,0.2647272727272727,"(39.2384934, -9.1068816)",39.2384934,-9.1068816,723.9,776.3,671.3,4.5,0.045
91,Caldas da Rainha,23867,2892,0,0,42,225,129,88,404,1229,242,386,115,0,11241,74,0,6579,0,122,99,PPD/PSD.CDS-PP,0.47098504210835046,51581,6852,33623.0,11107.0,0.13283961148484907,0.6518485488842791,0.21533122661445106,"(39.4048977, -9.135404)",39.4048977,-9.135404,765.6,826.6,707.6,4.6,0.046
92,Lourinhã,12393,1206,0,0,25,73,66,47,170,605,104,126,78,0,6705,27,0,3067,0,47,47,PPD/PSD.CDS-PP,0.5410312273057372,25647,3704,16802.0,5141.0,0.14442234959254494,0.6551253557921004,0.20045229461535463,"(39.2497523, -9.2896468)",39.2497523,-9.289646800000002,720.5,772.2,656.5,4.4,0.044000000000000004
93,Nazaré,6700,868,0,0,3,49,31,31,65,545,98,113,22,0,2147,16,0,2664,0,23,25,PS,0.39761194029850744,14309,1964,9112.0,3234.0,0.1372562722761898,0.6368020127192676,0.22601160109022295,"(39.6012147, -9.0700991)",39.60121470000001,-9.0700991,710.4,769.9,663.3,4.9,0.049
94,Óbidos,5581,671,0,0,9,44,21,25,83,352,83,75,23,0,2366,15,0,1780,0,20,14,PPD/PSD.CDS-PP,0.42393836230066295,11683,1515,7368.0,2800.0,0.129675597021313,0.6306599332363263,0.2396644697423607,"(39.3604212, -9.1582014)",39.360421200000005,-9.158201400000001,778.5,839.5,711.7,4.2,0.042
95,Peniche,11905,1297,0,0,26,93,52,44,195,1388,251,190,69,0,4219,42,0,3957,0,50,32,PPD/PSD.CDS-PP,0.35438891222175556,26766,3841,17036.0,5889.0,0.1435029515056415,0.6364791152955241,0.22001793319883434,"(39.3603291, -9.387622)",39.3603291,-9.387622,740.1,812.1,667.7,5.2,0.052000000000000005
96,Sobral de Monte Agraço,4711,495,0,0,7,37,22,14,68,909,99,48,14,0,1430,10,0,1511,0,27,20,PS,0.32073869666737426,10352,1540,6970.0,1843.0,0.14876352395672335,0.6732998454404946,0.17803323029366305,"(39.0188114, -9.1505771)",39.0188114,-9.1505771,744.3,782.8,692.1,3.5,0.035
97,Torres Vedras,38188,4115,0,0,75,285,216,138,568,3449,473,342,227,0,15936,114,0,11937,0,185,128,PPD/PSD.CDS-PP,0.4173038650885095,78609,11150,51186.0,16274.0,0.14184126499510233,0.6511468152501622,0.20702464094442113,"(39.0910112, -9.2597522)",39.091011200000004,-9.2597522,800.3,853.6,737.7,5.1,0.051
98,Águeda,23069,2001,0,0,27,79,65,49,189,970,203,249,92,0,12192,70,40,6727,0,72,44,PPD/PSD.CDS-PP,0.5285014521652434,46467,5747,30185.0,10535.0,0.12367917016377214,0.6496007919598855,0.22672003787634235,"(40.5754246, -8.446436799999999)",40.575424600000005,-8.4464368,826,910.7,715.7,4.2,0.042
99,Albergaria-a-Velha,11969,1045,0,0,14,38,36,19,97,490,108,117,67,0,6795,39,28,3029,0,32,15,PPD/PSD.CDS-PP,0.5677166012198178,24304,3164,16186.0,4954.0,0.13018433179723501,0.6659809084924292,0.20383475971033574,"(40.6894236, -8.4796655)",40.689423600000005,-8.4796655,855.8,921.7,746.5,4.4,0.044000000000000004
100,Anadia,14404,1049,0,0,26,47,54,35,106,488,105,137,42,0,8769,61,33,3379,0,59,14,PPD/PSD.CDS-PP,0.6087892252152179,27691,3010,17361.0,7320.0,0.10869957748004767,0.6269546061897368,0.2643458163302156,"(40.440347, -8.4352505)",40.440346999999996,-8.4352505,810.3,862.7,751.7,4.1,0.040999999999999995
101,Aveiro,38011,4639,0,0,58,369,152,157,542,1902,270,482,203,0,18096,134,77,10713,0,152,65,PPD/PSD.CDS-PP,0.4760727157927968,77436,10879,51586.0,14971.0,0.14049021127124334,0.6661759388398161,0.19333384988894053,"(40.6405055, -8.6537539)",40.640505499999996,-8.6537539,944.7,1035.1,824.6,5.5,0.055
102,Estarreja,12214,1172,0,0,19,44,43,24,116,787,171,145,63,0,6124,57,26,3343,0,50,30,PPD/PSD.CDS-PP,0.5013918454232847,26158,3407,17232.0,5520.0,0.1302469607768178,0.6587659607003593,0.21102530774524045,"(40.7528385, -8.5709856)",40.7528385,-8.5709856,889,939.7,781.7,5.2,0.052000000000000005
103,Ílhavo,16533,1932,0,0,20,106,92,57,249,801,162,237,101,0,8242,92,37,4303,0,57,45,PPD/PSD.CDS-PP,0.49851811528458234,38430,5381,25817.0,7232.0,0.1400208170699974,0.6717928701535258,0.1881863127764767,"(40.602309, -8.672371)",40.602309000000005,-8.672371,842.1,956.3,721.9,5,0.05
104,Murtosa,4174,269,0,0,5,21,16,8,30,139,31,30,15,0,2742,26,13,811,0,12,6,PPD/PSD.CDS-PP,0.6569238140872066,10324,1490,6677.0,2158.0,0.14432390546299884,0.6467454475009686,0.20902750871755132,"(40.7372064, -8.6380517)",40.7372064,-8.6380517,713.5,754.5,670.2,3.6,0.036000000000000004
105,Oliveira do Bairro,10909,711,0,0,12,34,35,29,88,237,70,118,45,0,7811,41,28,1596,0,31,23,PPD/PSD.CDS-PP,0.7160143001191677,23797,3392,15484.0,4921.0,0.14253897550111358,0.6506702525528428,0.20679077194604362,"(40.5170209, -8.498208)",40.5170209,-8.498208,813.9,895.8,720.8,4,0.04
106,Ovar,27432,3546,0,0,36,129,114,79,277,2040,340,402,146,0,10962,82,54,9075,0,94,56,PPD/PSD.CDS-PP,0.39960629921259844,54400,7057,37222.0,10121.0,0.12972426470588236,0.6842279411764706,0.18604779411764705,"(40.8596399, -8.6253313)",40.8596399,-8.625331300000001,821.1,882.9,746.0,5.8,0.057999999999999996
107,Sever do Vouga,6546,441,0,0,7,22,23,17,42,167,46,64,23,0,4351,24,17,1254,0,37,11,PPD/PSD.CDS-PP,0.6646807210510235,11623,1268,7376.0,2980.0,0.1090940376839026,0.6346038028047836,0.2563881958186355,"(40.7334189, -8.371767199999999)",40.733418900000004,-8.3717672,809.2,872.3,704.8,4.8,0.048
108,Vagos,10820,662,0,0,5,54,32,29,106,211,51,114,47,0,7947,46,27,1431,0,42,16,PPD/PSD.CDS-PP,0.7344731977818854,22797,3036,14875.0,4886.0,0.13317541781813397,0.6524981357196122,0.2143264464622538,"(40.5552666, -8.681525299999999)",40.5552666,-8.6815253,780.2,825.6,726.6,3.3,0.033
109,Arganil,6086,419,0,0,2,34,10,21,34,210,49,68,27,0,2987,11,0,2162,0,32,20,PPD/PSD.CDS-PP,0.49079855405849493,11249,1123,6958.0,3169.0,0.09983109609743088,0.6185438705662726,0.2817139301271224,"(40.218549, -8.053887)",40.218548999999996,-8.053887,662.2,690.7,634.4,6.4,0.064
110,Cantanhede,17702,1441,0,0,22,70,85,68,177,761,116,311,124,0,9345,36,0,5038,0,86,22,PPD/PSD.CDS-PP,0.5279064512484465,35477,4102,22067.0,9309.0,0.11562420723285509,0.6220086253065367,0.26239535473687176,"(40.3470015, -8.5933462)",40.347001500000005,-8.5933462,819.8,891,734.9,4.9,0.049
111,Coimbra,74329,8526,0,0,84,658,287,217,858,7173,592,1415,349,0,25222,210,0,28196,0,376,166,PS,0.37934049967038436,134252,16845,84222.0,33186.0,0.12547299109138038,0.6273426094210887,0.24719184816613532,"(40.2033145, -8.4102573)",40.203314500000005,-8.4102573,884.3,958.3,806.8,6.3,0.063
112,Condeixa-a-Nova,8042,1081,0,0,13,51,44,24,87,649,83,125,41,0,2601,12,0,3178,0,41,12,PS,0.3951753295200199,17528,2582,11532.0,3415.0,0.14730716567777272,0.6579187585577362,0.19483112733911456,"(40.1128075, -8.498688999999999)",40.1128075,-8.498689,756.2,812.3,701.3,3.7,0.037000000000000005
113,Figueira da Foz,28800,3603,0,0,50,177,149,118,408,2436,403,577,189,0,10058,92,0,10289,0,159,92,PS,0.35725694444444445,59675,7233,37683.0,14760.0,0.12120653540008379,0.6314704650188521,0.24733975701717636,"(40.1521398, -8.857583)",40.1521398,-8.857583,877.7,980,732.9,7,0.07
114,Góis,2087,138,0,0,5,7,6,11,12,65,14,14,14,0,908,2,0,879,0,9,3,PPD/PSD.CDS-PP,0.4350742692860565,3913,399,2316.0,1198.0,0.10196779964221825,0.5918732430360337,0.306158957321748,"(40.155204, -8.1106319)",40.155204,-8.1106319,652.9,671.2,642.6,6.6,0.066
115,Lousã,8205,976,0,0,10,44,34,32,99,424,59,116,49,0,2916,24,0,3375,0,26,21,PS,0.4113345521023766,17196,2558,11359.0,3279.0,0.14875552454059082,0.6605605954873226,0.19068387997208652,"(40.1147188, -8.2440038)",40.1147188,-8.2440038,768.5,803.5,726.5,5.5,0.055
116,Mealhada,9497,1033,0,0,18,46,33,25,96,688,104,133,48,0,3413,29,22,3754,0,37,18,PS,0.39528272085921873,20047,2487,12965.0,4595.0,0.12405846261285979,0.6467301840674415,0.22921135331969872,"(40.378484, -8.453571799999999)",40.378484,-8.4535718,771.3,792.5,732.8,3.7,0.037000000000000005
117,Mira,6287,490,0,0,10,21,27,23,46,165,36,89,35,0,3321,10,0,1963,0,44,7,PPD/PSD.CDS-PP,0.5282328614601559,11975,1402,7464.0,3109.0,0.11707724425887266,0.6232985386221295,0.2596242171189979,"(40.4287977, -8.738126099999999)",40.428797700000004,-8.7381261,742,805,683.8,6,0.06
118,Miranda do Corvo,6217,742,0,0,10,17,22,22,45,402,62,93,20,0,2228,20,0,2499,0,27,8,PS,0.40196236126749235,12811,1370,8598.0,2844.0,0.10693934899695574,0.6711419873546172,0.22199672156740302,"(40.09019809999999, -8.329640099999999)",40.0901981,-8.3296401,688.5,728.3,653.1,4.2,0.042
119,Montemor-o-Velho,12064,1353,0,0,22,50,58,28,112,1029,143,210,81,0,4033,31,0,4804,0,80,30,PS,0.39820954907161804,25485,3100,16308.0,6077.0,0.12164018049833235,0.6399058269570336,0.2384539925446341,"(40.1748245, -8.6826636)",40.1748245,-8.6826636,717.5,753,679.6,5.9,0.059000000000000004
120,Mortágua,4534,297,0,0,0,14,11,11,24,121,35,29,15,0,2538,5,0,1400,0,22,12,PPD/PSD.CDS-PP,0.5597706219673577,9012,914,5441.0,2657.0,0.10142032845095428,0.6037505548158012,0.2948291167332446,"(40.3968539, -8.2325058)",40.396853899999996,-8.2325058,786.1,855.5,702.3,3.8,0.038
121,Oliveira do Hospital,10403,672,0,0,11,31,30,25,77,350,69,134,40,0,5137,18,0,3746,0,51,12,PPD/PSD.CDS-PP,0.49379986542343557,19666,2211,12375.0,5080.0,0.11242753991660734,0.6292586189362351,0.25831384114715755,"(40.3608614, -7.862203200000001)",40.3608614,-7.862203200000001,683.5,731,637.8,5.7,0.057
122,Pampilhosa da Serra,2134,114,0,0,4,7,4,10,5,68,16,22,5,0,1074,4,0,789,0,5,7,PPD/PSD.CDS-PP,0.5032802249297095,4099,301,2162.0,1636.0,0.07343254452305441,0.527445718467919,0.3991217370090266,"(40.0463704, -7.949715499999999)",40.046370399999994,-7.9497155,674.5,711.9,653.3,4.8,0.048
123,Penacova,7450,426,0,0,5,21,23,18,36,434,68,92,26,0,3559,13,0,2686,0,36,7,PPD/PSD.CDS-PP,0.47771812080536913,14100,1446,8765.0,3890.0,0.1025531914893617,0.6216312056737588,0.27588652482269505,"(40.2704883, -8.28054)",40.2704883,-8.28054,749.3,800.5,660.0,3.9,0.039
124,Penela,2766,195,0,0,5,9,7,17,19,115,25,43,13,0,1423,4,0,862,0,21,8,PPD/PSD.CDS-PP,0.5144613159797542,5521,611,3271.0,1639.0,0.11066835718167,0.5924651331280565,0.2968665096902735,"(40.0292279, -8.3908296)",40.029227899999995,-8.3908296,694.9,722.6,654.0,4,0.04
125,Soure,9401,994,0,0,10,49,29,24,73,750,89,188,43,0,2980,19,0,4076,0,57,20,PS,0.4335708967131156,17660,1931,10505.0,5225.0,0.1093431483578709,0.5948471121177803,0.29586636466591165,"(40.0604197, -8.621863399999999)",40.060419700000004,-8.6218634,725.8,791.3,677.4,4.9,0.049
126,Tábua,5684,367,0,0,7,26,19,15,56,284,43,60,24,0,2694,12,0,2048,0,19,10,PPD/PSD.CDS-PP,0.47396199859254046,11576,1375,7472.0,2729.0,0.11878023496890118,0.645473393227367,0.23574637180373187,"(40.3656384, -8.0356087)",40.365638399999995,-8.0356087,652.1,685.7,620.5,5.4,0.054000000000000006
127,Vila Nova de Poiares,3089,243,0,0,2,20,20,10,21,161,22,58,17,0,1396,7,0,1094,0,12,6,PPD/PSD.CDS-PP,0.45192618970540627,6990,899,4771.0,1320.0,0.12861230329041487,0.6825464949928469,0.1888412017167382,"(40.2107667, -8.25907)",40.2107667,-8.25907,690.8,742,640.9,5.5,0.055
128,Alvaiázere,3685,191,0,0,2,14,12,4,26,52,20,46,19,0,2642,11,0,633,0,12,1,PPD/PSD.CDS-PP,0.7169606512890095,6750,631,3959.0,2160.0,0.09348148148148148,0.5865185185185186,0.32,"(39.8253215, -8.3827766)",39.8253215,-8.3827766,646,656.3,628.9,4.9,0.049
129,Ansião,6821,386,0,0,12,38,33,21,54,183,59,118,21,0,4157,19,0,1678,0,30,12,PPD/PSD.CDS-PP,0.6094414308752383,12360,1288,7708.0,3364.0,0.10420711974110032,0.6236245954692556,0.272168284789644,"(39.9107177, -8.438509999999999)",39.9107177,-8.43851,680.3,714.5,645.6,5,0.05
130,Batalha,8025,701,0,0,18,64,32,34,107,184,62,144,41,0,5085,31,0,1474,0,24,24,PPD/PSD.CDS-PP,0.6336448598130842,15844,2175,10448.0,3221.0,0.13727594041908608,0.6594294370108559,0.20329462257005806,"(39.6582957, -8.8241243)",39.658295700000004,-8.8241243,804.9,872.2,708.4,3.4,0.034
131,Castanheira de Pêra,1600,119,0,0,2,10,3,4,9,64,13,23,4,0,573,5,0,761,0,6,4,PS,0.475625,2712,229,1541.0,943.0,0.08443952802359882,0.5682153392330384,0.34771386430678464,"(40.0063802, -8.2109607)",40.0063802,-8.210960700000001,709.4,797,650.9,9.3,0.09300000000000001
132,Figueiró dos Vinhos,3441,202,0,0,7,13,13,7,18,68,25,46,10,0,1888,12,0,1111,0,14,7,PPD/PSD.CDS-PP,0.5486777099680326,5727,540,3364.0,1824.0,0.09429020429544265,0.5873930504627205,0.31849135673127293,"(39.9026838, -8.2760816)",39.9026838,-8.2760816,691.4,717.3,666.8,7.4,0.07400000000000001
133,Leiria,64716,6527,0,0,95,564,381,237,847,2118,539,1335,288,0,36208,201,0,14971,0,227,178,PPD/PSD.CDS-PP,0.5594906978181593,125415,17439,83384.0,24593.0,0.13905035282860903,0.6648646493641112,0.19609297133516723,"(39.74953310000001, -8.807682999999999)",39.7495331,-8.807683,850.4,926.3,750.6,4,0.04
134,Marinha Grande,18290,2895,0,0,23,183,109,73,280,3143,396,286,99,0,4952,47,0,5680,0,75,49,PS,0.31055221432476765,38544,5327,24851.0,8366.0,0.13820568700705688,0.6447436695724367,0.21705064342050642,"(39.7503802, -8.931805899999999)",39.7503802,-8.9318059,1003.4,1121.9,804.1,4.8,0.048
135,Pedrógão Grande,1877,121,0,0,3,7,15,6,9,24,15,32,8,0,1083,7,0,535,0,9,3,PPD/PSD.CDS-PP,0.5769845498135322,3498,369,2070.0,1059.0,0.10548885077186965,0.5917667238421955,0.3027444253859348,"(39.917835, -8.1458099)",39.917835,-8.1458099,675.2,684.2,665.2,7.1,0.071
136,Pombal,24473,1947,0,0,29,165,144,76,257,567,193,462,100,0,15235,71,0,5048,0,126,53,PPD/PSD.CDS-PP,0.6225227802067584,52648,6430,33517.0,12701.0,0.12213189484880717,0.636624373195563,0.24124373195562984,"(39.9167748, -8.6321415)",39.9167748,-8.6321415,766.2,817.8,696.2,3.8,0.038
137,Porto de Mós,11889,1132,0,0,30,73,73,51,132,389,120,238,82,0,6404,36,0,3044,0,52,33,PPD/PSD.CDS-PP,0.53864917150307,23545,3042,15266.0,5238.0,0.12919940539392652,0.6483754512635379,0.22246761520492675,"(39.6022749, -8.8165669)",39.6022749,-8.816566900000002,786.3,841.9,711.8,3.9,0.039
138,Aguiar da Beira,3030,131,0,0,3,5,13,3,16,50,12,25,24,0,1919,5,0,798,0,23,3,PPD/PSD.CDS-PP,0.6333333333333333,4883,426,3161.0,1296.0,0.08724144992832275,0.6473479418390334,0.26541060823264384,"(40.816453, -7.5454104)",40.816453,-7.545410400000001,637.8,652.2,624.5,5.2,0.052000000000000005
139,Carregal do Sal,4669,328,0,0,0,31,21,10,29,142,43,64,26,0,2584,22,0,1342,0,16,11,PPD/PSD.CDS-PP,0.5534375669308204,9420,1130,5872.0,2419.0,0.11995753715498939,0.6233545647558386,0.2567940552016985,"(40.4347784, -7.9980002)",40.4347784,-7.998000200000001,748.8,812,682.9,5.2,0.052000000000000005
140,Castro Daire,7136,313,0,0,0,14,22,10,35,202,64,75,24,0,4137,19,0,2174,0,29,18,PPD/PSD.CDS-PP,0.5797365470852018,14252,1628,8562.0,4062.0,0.11422958181307886,0.6007577883805781,0.28501262980634295,"(40.8997924, -7.933502)",40.8997924,-7.933502000000001,644.1,657.7,624.4,8.6,0.086
141,Mangualde,9307,601,0,0,0,143,32,21,87,382,102,88,30,0,4286,25,0,3468,0,24,18,PPD/PSD.CDS-PP,0.4605135919200602,18938,2321,11850.0,4767.0,0.12255782025557081,0.625726053437533,0.2517161263068962,"(40.6045573, -7.7638745)",40.604557299999996,-7.763874499999999,758.3,797.6,679.9,6.9,0.069
142,Nelas,6558,561,0,0,0,44,35,11,50,293,69,84,15,0,3144,23,0,2189,0,24,16,PPD/PSD.CDS-PP,0.4794144556267155,13278,1648,8167.0,3463.0,0.12411507757192349,0.6150775719234824,0.2608073505045941,"(40.537787, -7.8498679)",40.537787,-7.8498679000000005,803.2,888.1,698.1,6,0.06
143,Oliveira de Frades,5007,348,0,0,0,12,16,13,38,178,56,53,18,0,2975,20,0,1252,0,19,9,PPD/PSD.CDS-PP,0.5941681645696025,9977,1313,6487.0,2177.0,0.1316026861782099,0.650195449533928,0.2182018642878621,"(40.7322554, -8.1737805)",40.7322554,-8.1737805,828.9,884.3,736.9,5.2,0.052000000000000005
144,Penalva do Castelo,4116,203,0,0,0,21,10,7,12,167,40,40,12,0,2202,14,0,1359,0,14,15,PPD/PSD.CDS-PP,0.5349854227405247,7335,767,4412.0,2157.0,0.1045671438309475,0.6014996591683708,0.2940695296523517,"(40.6862295, -7.633112999999999)",40.686229499999996,-7.633113000000001,678.3,693.3,655.5,7.9,0.079
145,Santa Comba Dão,5607,365,0,0,0,32,28,16,39,137,46,44,18,0,3047,19,0,1781,0,24,11,PPD/PSD.CDS-PP,0.5434278580345996,10698,1204,6519.0,2976.0,0.11254440082258366,0.6093662366797532,0.2781828379136287,"(40.39305909999999, -8.150243300000001)",40.3930591,-8.1502433,730,783.5,675.5,6.1,0.061
146,São Pedro do Sul,8487,709,0,0,0,53,41,30,45,357,95,75,34,0,3945,30,0,3016,0,41,16,PPD/PSD.CDS-PP,0.46482856132909156,15780,1733,9596.0,4452.0,0.10982256020278834,0.6081115335868188,0.28212927756653994,"(40.7597932, -8.0640758)",40.759793200000004,-8.0640758,652.7,689,623.2,7.3,0.073
147,Sátão,6019,338,0,0,0,24,27,15,31,143,47,58,17,0,3794,19,0,1464,0,31,11,PPD/PSD.CDS-PP,0.6303372653264662,11789,1260,7719.0,2811.0,0.10687929425735855,0.6547629145813895,0.2384426159979642,"(40.7423572, -7.732120099999999)",40.74235720000001,-7.7321201,618.2,619.7,616.4,7.5,0.075
148,Tondela,14536,989,0,0,0,54,56,50,105,511,143,170,51,0,8634,50,0,3642,0,53,28,PPD/PSD.CDS-PP,0.5939735828288387,27129,2801,16376.0,7952.0,0.10324744738103137,0.6036344870802463,0.2931180655387224,"(40.5168388, -8.080047100000002)",40.516838799999995,-8.0800471,796.2,860.8,728.3,3.9,0.039
149,Vila Nova de Paiva,2499,101,0,0,0,8,13,9,10,64,12,14,8,0,1662,11,0,568,0,13,6,PPD/PSD.CDS-PP,0.6650660264105642,4813,539,2984.0,1291.0,0.11198836484521088,0.619987533762726,0.26823187201329735,"(40.8511511, -7.7295377)",40.8511511,-7.729537700000001,640.7,674,611.6,7.9,0.079
150,Viseu,49053,4349,0,0,0,369,172,212,450,1833,360,658,160,0,25504,137,0,14547,0,211,91,PPD/PSD.CDS-PP,0.5199274254377918,97636,13558,64091.0,19988.0,0.13886271457249375,0.656427956901143,0.20471957065017002,"(40.6565861, -7.9124712)",40.656586100000006,-7.9124712,779.7,810.6,742.2,6.5,0.065
151,Vouzela,5380,344,0,0,0,20,12,11,17,162,45,58,18,0,2908,9,0,1743,0,20,13,PPD/PSD.CDS-PP,0.5405204460966543,9855,1014,6035.0,2807.0,0.10289193302891933,0.6123795027904617,0.284830035514967,"(40.7231807, -8.1120232)",40.7231807,-8.112023200000001,699,785.1,646.9,6.3,0.063
152,Castelo Branco,28092,3066,0,0,0,147,125,79,308,1467,295,296,176,0,9863,127,0,11942,0,106,95,PS,0.4251032322369358,52915,6497,33119.0,13299.0,0.12278181989983937,0.6258905792308419,0.2513276008693187,"(39.8031161, -7.4597725)",39.803116100000004,-7.459772500000001,770.9,810.4,730.2,5.9,0.059000000000000004
153,Idanha-a-Nova,4817,333,0,0,0,17,29,22,33,259,66,60,17,0,1540,39,0,2357,0,19,26,PS,0.4893086983599751,8450,805,4179.0,3466.0,0.09526627218934912,0.4945562130177515,0.41017751479289943,"(39.9013925, -7.200580599999999)",39.9013925,-7.200580599999999,688.2,705.9,663.2,10.8,0.10800000000000001
154,Oleiros,3124,141,0,0,0,2,15,9,20,63,17,34,15,0,2058,16,0,715,0,10,9,PPD/PSD.CDS-PP,0.6587708066581306,5159,320,2838.0,2002.0,0.062027524714091876,0.5501066098081023,0.3880597014925373,"(39.9185272, -7.9137986)",39.91852720000001,-7.913798599999999,722.6,765.1,643.2,3.7,0.037000000000000005
155,Penamacor,2567,256,0,0,0,12,20,7,7,139,40,36,20,0,1071,27,0,904,0,12,16,PPD/PSD.CDS-PP,0.41721854304635764,4963,313,2657.0,1993.0,0.06306669353213781,0.5353616764054,0.4015716300624622,"(40.169313, -7.171492499999999)",40.169313,-7.1714925,692.9,731.1,633.3,7.3,0.073
156,Proença-a-Nova,4508,262,0,0,0,10,21,10,29,75,27,43,15,0,2563,19,0,1409,0,14,11,PPD/PSD.CDS-PP,0.5685448092280391,7564,643,4493.0,2429.0,0.08500793231094658,0.5939978847170809,0.32112638815441563,"(39.7492692, -7.924331400000001)",39.7492692,-7.9243314,706.4,726.7,678.5,4.7,0.047
157,Vila Velha de Ródão,1993,148,0,0,0,1,7,10,11,137,20,16,6,0,572,21,0,1032,0,6,6,PS,0.5178123432012042,3223,173,1785.0,1265.0,0.05367669872789327,0.553831833695315,0.3924914675767918,"(39.6545102, -7.6712121)",39.654510200000004,-7.6712121,904.9,1032.3,716.5,4,0.04
158,Abrantes,19177,2487,0,0,0,99,107,131,245,1688,318,161,72,0,5712,64,35,7901,0,98,59,PS,0.41200396308077386,36062,4091,21927.0,10044.0,0.11344351394820032,0.6080361599467584,0.2785203261050413,"(39.4630563, -8.1995808)",39.4630563,-8.1995808,833.7,916.1,725.6,7.5,0.075
159,Alcanena,6874,612,0,0,0,33,32,28,94,708,106,67,38,0,2912,19,15,2161,0,27,22,PPD/PSD.CDS-PP,0.42362525458248473,13012,1685,8014.0,3313.0,0.12949584998462957,0.6158930218260068,0.25461112818936366,"(39.4583616, -8.669328799999999)",39.4583616,-8.6693288,821.2,853.8,775.5,4,0.04
160,Constância,2101,280,0,0,0,15,9,11,22,287,46,27,14,0,484,5,5,869,0,10,17,PS,0.41361256544502617,3994,550,2555.0,889.0,0.13770655983975963,0.6397095643465198,0.22258387581372058,"(39.4780719, -8.337225199999999)",39.478071899999996,-8.3372252,988.7,1135.1,741.4,5.8,0.057999999999999996
161,Entroncamento,10029,1695,0,0,0,57,56,37,157,939,86,137,76,0,2878,32,15,3764,0,58,42,PS,0.37531159637052547,20916,3112,13882.0,3923.0,0.14878561866513673,0.6637024287626697,0.18755976286096768,"(39.4611239, -8.478759)",39.4611239,-8.478759,853.3,927.1,752.9,4.7,0.047
162,Ferreira do Zêzere,4434,346,0,0,0,31,41,18,53,147,32,37,21,0,2351,23,16,1272,0,25,21,PPD/PSD.CDS-PP,0.5302210193955796,8091,884,5002.0,2206.0,0.1092571993573106,0.6182177728340131,0.27264862192559636,"(39.6932144, -8.2905257)",39.693214399999995,-8.2905257,713.2,777.6,634.7,3.9,0.039
163,Mação,4336,348,0,0,0,23,11,37,41,197,39,37,10,0,1957,17,13,1570,0,16,20,PPD/PSD.CDS-PP,0.45133763837638374,6519,482,3670.0,2368.0,0.07393772050928056,0.5629697806412026,0.36324589660990947,"(39.60433140000001, -7.981084500000001)",39.6043314,-7.9810845,683.3,744.4,629.2,5.3,0.053
164,Ourém,22878,1302,0,0,0,121,91,76,196,582,113,260,84,0,16067,74,82,3676,0,92,62,PPD/PSD.CDS-PP,0.7022904100008742,44579,5567,29195.0,9818.0,0.1248794275331434,0.6549047757912919,0.22023822876242177,"(39.6564974, -8.5773408)",39.6564974,-8.577340800000002,770.5,824.7,716.1,3,0.03
165,Sardoal,2308,287,0,0,0,8,12,16,38,147,31,19,7,0,919,11,4,786,0,10,13,PPD/PSD.CDS-PP,0.39818024263431545,3785,386,2418.0,982.0,0.10198150594451784,0.6388375165125495,0.259445178335535,"(39.5375181, -8.1612773)",39.53751810000001,-8.1612773,681.7,690.6,674.6,6.5,0.065
166,Sertã,8391,562,0,0,0,33,28,27,73,205,58,100,51,0,4874,42,0,2285,0,39,14,PPD/PSD.CDS-PP,0.5808604457156478,14919,1693,8977.0,4249.0,0.11347945572759568,0.6017159327032643,0.28480461156914,"(39.8052663, -8.098925699999999)",39.80526629999999,-8.0989257,697.5,724.9,666.6,6,0.06
167,Tomar,20280,2318,0,0,0,136,121,84,259,1320,244,244,108,0,8229,74,62,6907,0,82,92,PPD/PSD.CDS-PP,0.40576923076923077,37573,4098,23307.0,10169.0,0.10906768157985788,0.6203124584142868,0.2706464748622681,"(39.6053819, -8.4043125)",39.6053819,-8.4043125,758.1,821,691.9,4.7,0.047
168,Torres Novas,18629,2786,0,0,0,113,89,75,224,1984,283,235,129,0,5726,77,42,6711,0,85,70,PS,0.3602447796446401,35314,4431,21997.0,8887.0,0.12547431613524382,0.6228974344452625,0.25165656680070225,"(39.4790062, -8.540103)",39.4790062,-8.540103,817.3,849.8,774.7,4.6,0.046
169,Vila de Rei,1868,102,0,0,0,9,11,7,22,54,10,20,10,0,1236,11,0,354,0,12,10,PPD/PSD.CDS-PP,0.6616702355460385,3346,218,2024.0,1104.0,0.06515242080095636,0.6049013747758517,0.3299462044231919,"(39.6742376, -8.1557066)",39.6742376,-8.155706599999998,646.7,654.6,642.2,3.9,0.039
170,Vila Nova da Barquinha,3690,515,0,0,0,20,14,14,56,415,68,45,32,0,915,15,11,1519,0,20,31,PS,0.4116531165311653,7348,905,4516.0,1928.0,0.12316276537833425,0.6145890038105607,0.26238432226456176,"(39.4589562, -8.4322387)",39.4589562,-8.4322387,684.7,734.2,636.9,4.5,0.045
171,Almeida,3646,225,0,0,7,11,23,10,27,168,35,35,24,0,1854,13,0,1185,0,19,10,PPD/PSD.CDS-PP,0.5085024684585847,6133,375,3539.0,2219.0,0.06114462742540355,0.5770422305560085,0.36181314201858794,"(40.7254048, -6.905594199999999)",40.72540479999999,-6.9055941999999995,671.9,692.3,657.4,5,0.05
172,Belmonte,3226,371,0,0,0,50,8,9,14,265,34,43,15,0,917,23,0,1458,0,10,9,PS,0.4519528828270304,6483,679,4105.0,1699.0,0.10473546197747956,0.6331945087151011,0.2620700293074194,"(40.351063, -7.3408535)",40.351063,-7.340853500000001,664.1,761.2,610.3,8.7,0.087
173,Celorico da Beira,4166,337,0,0,5,6,16,12,30,135,29,50,14,0,2082,12,0,1428,0,7,3,PPD/PSD.CDS-PP,0.499759961593855,7116,748,4235.0,2133.0,0.10511523327712198,0.5951377178189995,0.2997470489038786,"(40.6335005, -7.3927217)",40.633500500000004,-7.3927217,638.9,668.8,619.3,7.3,0.073
174,Covilhã,26658,3353,0,0,0,172,107,48,206,2828,319,297,119,0,6959,83,0,12061,0,65,41,PS,0.45243454122589843,47922,5406,29753.0,12764.0,0.11280831350945286,0.620863069154042,0.26634948457910773,"(40.2804158, -7.4922407)",40.2804158,-7.492240700000001,764.6,812,715.7,8,0.08
175,Figueira de Castelo Rodrigo,3056,173,0,0,5,6,10,4,30,87,20,40,13,0,1413,8,0,1233,0,9,5,PPD/PSD.CDS-PP,0.46236910994764396,5789,647,3326.0,1817.0,0.11176368975643462,0.5745379167386423,0.3138711349110382,"(40.8946241, -6.963561299999999)",40.8946241,-6.963561299999999,662.1,681.4,649.0,7.4,0.07400000000000001
176,Fornos de Algodres,2812,158,0,0,3,4,15,3,10,79,15,28,13,0,1362,10,0,1096,0,10,6,PPD/PSD.CDS-PP,0.484352773826458,4683,460,2950.0,1274.0,0.09822763185991885,0.6299380738842623,0.27204783258594917,"(40.6201957, -7.539550699999999)",40.620195700000004,-7.5395506999999995,628.1,631.5,625.0,6.4,0.064
177,Fundão,14721,1856,0,0,0,54,103,39,137,794,194,141,64,0,5150,88,0,5985,0,81,35,PS,0.4065620542082739,27197,2980,16607.0,7611.0,0.10957090855609075,0.6106188182520131,0.2798470419531566,"(40.137963, -7.501077299999999)",40.137963,-7.5010773,720.9,757.3,680.7,7.7,0.077
178,Gouveia,7148,484,0,0,5,10,19,16,44,358,53,73,26,0,3294,16,0,2717,0,20,13,PPD/PSD.CDS-PP,0.4608282036933408,12817,1143,7400.0,4275.0,0.08917843489116017,0.5773581961457439,0.3335413903409534,"(40.4923318, -7.5936526)",40.492331799999995,-7.5936525999999995,688.5,712.7,669.9,7.3,0.073
179,Guarda,21897,2337,0,0,20,143,63,58,346,939,200,254,106,0,9533,60,0,7730,0,69,39,PPD/PSD.CDS-PP,0.43535644152166963,39672,4818,25977.0,8878.0,0.12144585601935874,0.654794313369631,0.22378503730590846,"(40.5308408, -7.2221421)",40.5308408,-7.2221421,785.1,815,747.9,6.3,0.063
180,Manteigas,1761,169,0,0,0,5,6,3,5,119,20,20,12,0,640,4,0,749,0,8,1,PS,0.4253265190232822,3117,252,1964.0,901.0,0.08084696823869104,0.630093038177735,0.2890599935835739,"(40.4022206, -7.538339300000001)",40.4022206,-7.5383393,658.8,657.8,659.7,7.3,0.073
181,Mêda,2653,138,0,0,2,9,4,6,13,75,16,36,7,0,1483,10,0,842,0,8,4,PPD/PSD.CDS-PP,0.5589898228420656,4715,422,2609.0,1684.0,0.0895015906680806,0.5533404029692471,0.3571580063626723,"(40.9670544, -7.259595099999999)",40.9670544,-7.2595951,665.1,684.9,647.1,3.6,0.036000000000000004
182,Pinhel,4752,294,0,0,8,12,21,13,28,189,37,44,26,0,2737,9,0,1308,0,21,5,PPD/PSD.CDS-PP,0.5759680134680135,8785,806,5035.0,2945.0,0.09174729652817303,0.5731360273192943,0.3352305065452476,"(40.778586, -7.135937699999999)",40.778586,-7.1359377,676.1,699,648.8,4,0.04
183,Sabugal,6091,507,0,0,3,19,33,17,20,215,67,133,41,0,3043,17,0,1935,0,23,18,PPD/PSD.CDS-PP,0.4995895583648005,11123,833,6051.0,4240.0,0.07488986784140969,0.5440079115346579,0.38119212442686323,"(40.3793416, -7.0498442)",40.379341600000004,-7.0498442,669.2,692.1,652.9,5.4,0.054000000000000006
184,Seia,12368,859,0,0,16,41,40,17,107,684,119,127,52,0,5335,31,0,4877,0,40,23,PPD/PSD.CDS-PP,0.43135510996119014,22885,2314,14223.0,6348.0,0.10111426698710946,0.6214987983395237,0.27738693467336684,"(40.4161238, -7.7088512)",40.416123799999994,-7.708851200000001,703.9,756,656.3,6.5,0.065
185,Trancoso,4814,317,0,0,2,11,23,9,20,139,39,53,16,0,2562,11,0,1595,0,8,9,PPD/PSD.CDS-PP,0.5321977565434151,9141,819,5519.0,2804.0,0.08959632425336396,0.6037632644130839,0.3067498085548627,"(40.7787604, -7.3491442)",40.778760399999996,-7.3491442,739.9,777.7,688.2,4.4,0.044000000000000004
186,Alcochete,8695,1116,0,0,9,104,39,38,147,1550,126,64,59,0,2397,21,0,2971,0,24,30,PS,0.3416906267970098,19153,3340,12666.0,3148.0,0.1743852138046259,0.6613063227692789,0.1643606745679528,"(38.7561726, -8.9598931)",38.7561726,-8.9598931,2059.2,3082,789.2,5.1,0.051
187,Almada,85804,10860,0,0,95,946,329,316,1866,14461,1094,821,458,0,21943,211,0,31773,0,330,301,PS,0.3702974220316069,169241,25449,105340.0,38452.0,0.1503713639129998,0.6224260078822508,0.22720262820474943,"(38.6765238, -9.165104699999999)",38.6765238,-9.165104699999999,919.6,976,872.6,6.7,0.067
188,Amadora,81739,9763,0,0,134,816,386,257,1671,9500,895,913,637,0,24040,196,0,31728,0,470,333,PS,0.38816232153561947,179056,27534,110498.0,41025.0,0.15377312125815387,0.6171141989098382,0.22911826467697258,"(38.7577603, -9.224547399999999)",38.757760299999994,-9.2245474,1133.4,1256.3,1001.1,5.6,0.055999999999999994
189,Barreiro,41950,5279,0,0,39,452,137,144,767,11062,717,346,298,0,6795,82,0,15448,0,148,236,PS,0.36824791418355185,75847,10767,45617.0,19463.0,0.14195683415296584,0.6014344667554419,0.2566086990915923,"(38.6608149, -9.0790724)",38.6608149,-9.0790724,889.8,968.6,814.4,8.4,0.084
190,Cascais,100054,10619,0,0,91,1243,466,354,2220,7091,737,922,577,0,45213,292,0,29524,0,372,333,PPD/PSD.CDS-PP,0.45188598156995224,211302,34056,135047.0,42199.0,0.16117216117216118,0.6391184181881856,0.1997094206396532,"(38.6967571, -9.4207438)",38.6967571,-9.4207438,985.7,1013.7,955.6,5.9,0.059000000000000004
191,Lisboa,301791,29105,0,0,277,6362,1071,898,5947,24476,2339,2219,1482,0,116578,765,0,108143,0,1132,997,PPD/PSD.CDS-PP,0.3862871987567555,505526,79835,282146.0,143546.0,0.15792461713146308,0.5581236177763359,0.283953743229824,"(38.7222524, -9.1393366)",38.722252399999995,-9.1393366,1272.2,1398.8,1145.9,8.3,0.083
192,Loures,99360,10811,0,0,136,855,449,336,1775,15776,1311,946,768,0,28578,207,0,36598,0,432,382,PS,0.3683373590982287,208505,32805,131537.0,44163.0,0.15733435649025204,0.6308577731948875,0.21180787031486056,"(38.831549, -9.1741095)",38.831549,-9.1741095,952.3,1004.3,874.2,5.4,0.054000000000000006
193,Mafra,36038,4284,0,0,80,380,244,164,789,2647,365,421,265,0,15435,105,0,10505,0,211,143,PPD/PSD.CDS-PP,0.4282979077640269,82935,14562,55176.0,13198.0,0.17558328811720023,0.6652920962199312,0.1591366732983662,"(38.9443106, -9.3320856)",38.9443106,-9.3320856,756.5,770.5,730.9,3.6,0.036000000000000004
194,Moita,32056,4459,0,0,62,279,129,98,653,9102,704,384,224,0,4995,78,0,10640,0,122,127,PS,0.33191914150237084,64692,10061,41664.0,12967.0,0.15552154825944475,0.6440363568911148,0.20044209484944042,"(38.6529133, -8.9900856)",38.652913299999994,-8.9900856,787.3,846.1,729.8,8.6,0.086
195,Montijo,21967,2969,0,0,27,249,81,82,409,3042,376,266,182,0,6313,57,0,7727,0,116,71,PS,0.3517549050849001,56024,9528,36971.0,9525.0,0.17006997001285162,0.6599136084535199,0.17001642153362845,"(38.7054501, -8.976149399999999)",38.7054501,-8.9761494,807.1,892.1,726.7,7,0.07
196,Odivelas,71214,8548,0,0,118,691,329,257,1502,7261,789,734,570,0,23109,188,0,26435,0,380,303,PS,0.3712051001207628,156956,25422,99840.0,31695.0,0.16196895945360484,0.6361018374576315,0.201935574301078,"(38.795369, -9.185179999999999)",38.795369,-9.18518,767.9,797.4,729.6,4.4,0.044000000000000004
197,Oeiras,90487,10010,0,0,112,1519,390,297,2041,7154,660,714,460,0,36076,223,0,30183,0,338,310,PPD/PSD.CDS-PP,0.39868710422491627,174737,27350,105810.0,41577.0,0.15652094290276244,0.6055386094530637,0.23794044764417382,"(38.6919934, -9.3118418)",38.6919934,-9.3118418,1425,1611,1213.1,5.2,0.052000000000000005
198,Palmela,28912,4348,0,0,28,319,115,123,556,5190,578,365,172,0,7104,93,0,9672,0,126,123,PS,0.3345323741007194,64188,10141,41814.0,12233.0,0.15798903221786004,0.6514301738642737,0.19058079391786628,"(38.569441, -8.9016937)",38.569441,-8.9016937,1093.3,1170.7,926.0,4.8,0.048
199,Seixal,76594,10590,0,0,150,791,302,303,1599,14173,1126,737,555,0,18366,196,0,27058,0,351,297,PS,0.353265268820012,165547,25910,108519.0,31119.0,0.15651144387998575,0.6555177683678955,0.18797682833273935,"(38.6410676, -9.0975)",38.64106760000001,-9.0975,975.7,1156.7,749.6,5.5,0.055
200,Sesimbra,23011,3375,0,0,43,231,106,89,564,3704,365,303,190,0,6154,52,0,7621,0,121,93,PS,0.3311894311416279,51127,8529,33978.0,8621.0,0.1668198799068985,0.6645803587145735,0.16861932051557885,"(38.4444674, -9.1020079)",38.4444674,-9.1020079,785.1,854.7,709.8,4.7,0.047
201,Setúbal,57068,8139,0,0,70,589,236,246,1240,9232,923,575,371,0,14578,137,0,20102,0,335,295,PS,0.3522464428401206,116655,18325,73391.0,24939.0,0.15708713728515708,0.6291286271484291,0.2137842355664138,"(38.5254047, -8.8941)",38.5254047,-8.8941,955.2,1065,818.1,6.8,0.068
202,Sintra,167404,22100,0,0,318,1553,900,639,4009,17123,1753,1772,1418,0,56298,412,0,57555,0,907,647,PS,0.3438089890325201,384992,62996,258011.0,63985.0,0.16362937411686476,0.6701723672180201,0.16619825866511512,"(38.8029127, -9.3816495)",38.8029127,-9.3816495,980.6,1056.5,879.4,4.8,0.048
203,Vila Franca de Xira,66349,9299,0,0,102,552,318,214,1284,11800,886,620,470,0,16493,164,0,23577,0,349,221,PS,0.35534823433661394,141036,22834,94332.0,23870.0,0.16190192574945403,0.6688505062537224,0.1692475679968235,"(38.9549771, -8.9889589)",38.9549771,-8.9889589,947.9,995.9,874.4,4.3,0.043
204,Alcácer do Sal,6295,560,0,0,5,41,20,17,44,1700,132,33,20,0,1010,17,0,2655,0,22,19,PS,0.4217633042096902,11927,1410,7077.0,3441.0,0.11821916659679718,0.5933596042592437,0.2885050725245242,"(38.3725007, -8.5110083)",38.3725007,-8.511008300000002,742.7,804.7,678.0,4,0.04
205,Grândola,7174,678,0,0,6,54,26,25,74,1966,154,42,53,0,1371,16,0,2668,0,18,23,PS,0.3718985224421522,14644,1817,9098.0,3729.0,0.12407812073204043,0.6212783392515706,0.25464354001638895,"(38.1762557, -8.5662971)",38.176255700000006,-8.5662971,744.8,807.3,687.6,5,0.05
206,Odemira,11713,1212,0,0,29,68,69,33,153,2298,364,92,71,0,2556,44,0,4582,0,55,87,PS,0.3911892768718518,24829,2859,15180.0,6791.0,0.11514760965000605,0.6113818518667687,0.27351081396753796,"(37.5972313, -8.6366851)",37.5972313,-8.6366851,700.5,701.5,699.4,5.2,0.052000000000000005
207,Santiago do Cacém,14065,1839,0,0,17,120,43,53,154,3146,280,123,64,0,3324,47,0,4732,0,66,57,PS,0.33643796658371844,28970,3539,17939.0,7492.0,0.12216085605799103,0.619226786330687,0.25861235761132206,"(37.9650235, -8.528161299999999)",37.9650235,-8.5281613,795.5,856.7,738.7,5.6,0.055999999999999994
208,Sines,6465,1064,0,0,10,102,21,38,94,1278,146,65,30,0,1309,17,0,2235,0,28,28,PS,0.345707656612529,13664,1922,8956.0,2786.0,0.1406615925058548,0.6554449648711944,0.2038934426229508,"(37.9571555, -8.860890699999999)",37.9571555,-8.860890699999999,1266.6,1385.9,970.5,9.1,0.091
209,Aljustrel,5185,416,0,0,2,10,14,8,34,1925,148,18,16,0,597,10,0,1955,0,17,15,PS,0.3770491803278688,8445,975,5211.0,2259.0,0.11545293072824156,0.6170515097690942,0.2674955595026643,"(37.8760582, -8.1649833)",37.8760582,-8.1649833,789,821.6,716.3,6.1,0.061
210,Almodôvar,3726,385,0,0,6,6,18,7,30,447,113,17,9,0,1078,10,0,1567,0,14,19,PS,0.4205582393988191,6851,789,4052.0,2010.0,0.11516566924536564,0.5914465041599767,0.29338782659465773,"(37.4891809, -8.090174)",37.4891809,-8.090174000000001,705.2,767.7,658.8,6.5,0.065
211,Alvito,1118,100,0,0,1,5,3,0,4,259,28,8,3,0,267,4,0,431,0,0,5,PS,0.3855098389982111,2464,285,1625.0,554.0,0.11566558441558442,0.6594967532467533,0.22483766233766234,"(38.2316311, -8.024700500000002)",38.2316311,-8.0247005,766.4,831.7,701.6,4.6,0.046
212,Barrancos,722,53,0,0,1,1,2,2,2,161,36,4,1,0,165,2,0,291,0,0,1,PS,0.40304709141274236,1678,226,1086.0,367.0,0.13468414779499405,0.6471990464839095,0.21871275327771156,"(38.1328809, -6.977312599999999)",38.1328809,-6.9773125999999985,646.6,661.1,629.6,15.8,0.158
213,Beja,17217,1623,0,0,14,84,61,44,158,4168,345,74,64,0,3914,38,0,6532,0,53,45,PS,0.37939246093976886,33913,5161,21223.0,7530.0,0.15218352844042107,0.6258072125733495,0.22203874620352076,"(38.0153039, -7.8627308)",38.0153039,-7.8627308000000005,820.5,835.1,803.6,6.8,0.068
214,Castro Verde,3574,414,0,0,9,10,8,5,32,1054,91,21,12,0,628,12,0,1260,0,4,14,PS,0.35254616675993283,7046,844,4574.0,1629.0,0.11978427476582458,0.6491626454726086,0.2311950042577349,"(37.6991315, -8.085826299999999)",37.6991315,-8.085826299999999,1041.8,1113.8,831.4,5.8,0.057999999999999996
215,Cuba,2293,109,0,0,2,11,2,6,13,762,67,5,6,0,382,9,0,906,0,3,10,PS,0.3951155691234191,4678,633,2986.0,1059.0,0.13531423685335614,0.6383069687900812,0.22637879435656263,"(38.156574, -7.8939317)",38.156574,-7.8939316999999996,720.8,757.7,682.2,7.2,0.07200000000000001
216,Ferreira do Alentejo,4000,330,0,0,4,14,12,6,33,978,143,18,12,0,718,11,0,1698,0,7,16,PS,0.4245,7928,994,4934.0,2001.0,0.12537840565085773,0.622351160443996,0.2523965691220989,"(38.05938, -8.1140689)",38.05938,-8.1140689,723.8,761.2,667.2,5.9,0.059000000000000004
217,Mértola,3820,257,0,0,4,13,15,12,30,1175,118,18,10,0,626,10,0,1499,0,4,29,PS,0.3924083769633508,6372,598,3522.0,2253.0,0.0938480853735091,0.5527306967984934,0.3535781544256121,"(37.6415148, -7.6606665)",37.641514799999996,-7.6606665,665.4,650.8,680.7,8.5,0.085
218,Moura,6028,399,0,0,9,13,13,9,24,1548,185,20,30,0,1315,14,0,2401,0,12,36,PS,0.39830789648307896,14004,2132,8703.0,3169.0,0.1522422165095687,0.62146529562982,0.22629248786061126,"(38.1314891, -7.3084571)",38.1314891,-7.3084571,730.2,767.5,682.4,13,0.13
219,Ourique,2740,147,0,0,2,9,7,9,23,418,45,11,11,0,884,12,0,1141,0,5,16,PS,0.41642335766423355,4780,466,2844.0,1470.0,0.09748953974895397,0.594979079497908,0.3075313807531381,"(37.6521402, -8.224390399999999)",37.6521402,-8.2243904,645.6,648,643.6,6.6,0.066
220,Serpa,7258,461,0,0,4,23,18,12,53,2649,185,28,22,0,1368,12,0,2371,0,15,37,PCP-PEV,0.3649765775695784,14715,1662,9327.0,3726.0,0.1129459734964322,0.6338430173292559,0.25321100917431194,"(37.94434469999999, -7.597874299999999)",37.9443447,-7.5978743,695.1,723.9,661.9,8.1,0.081
221,Vidigueira,2729,199,0,0,1,4,6,7,19,750,77,17,8,0,482,4,0,1141,0,4,10,PS,0.41810186881641626,5575,815,3461.0,1300.0,0.14618834080717488,0.6208071748878924,0.23318385650224216,"(38.2118842, -7.8005203)",38.2118842,-7.8005203,718.8,787.5,665.9,10.9,0.109
222,Almeirim,10310,1065,0,0,0,61,38,39,121,1164,168,127,80,0,2948,38,13,4376,0,39,33,PS,0.4244422890397672,22847,3225,14117.0,5506.0,0.14115638814724032,0.6178929399921215,0.24099444128331948,"(39.2075584, -8.625918799999999)",39.207558399999996,-8.6259188,743.5,778.5,699.0,5.3,0.053
223,Alpiarça,3749,361,0,0,0,11,10,14,35,1227,60,57,14,0,661,22,8,1243,0,12,14,PS,0.331555081355028,7182,959,4259.0,1965.0,0.13352826510721247,0.5930103035366193,0.27360066833751046,"(39.2591889, -8.5820055)",39.2591889,-8.5820055,726.7,776.3,673.1,4.9,0.049
224,Azambuja,9935,1404,0,0,25,89,59,20,133,1611,206,119,63,0,2407,33,0,3706,0,23,37,PS,0.37302466029189735,22308,2937,14598.0,4774.0,0.13165680473372782,0.6543840774610006,0.21400394477317555,"(39.0688462, -8.868323499999999)",39.0688462,-8.8683235,870.6,939.6,789.4,3.6,0.036000000000000004
225,Benavente,11831,1551,0,0,0,64,53,42,177,2059,276,123,100,0,3527,39,26,3684,0,57,53,PS,0.3113853435888767,30019,4890,19878.0,5252.0,0.16289683200639596,0.6621806189413372,0.17495586128785104,"(38.9817395, -8.8095549)",38.9817395,-8.8095549,856.6,929,754.7,6.3,0.063
226,Cartaxo,11684,1612,0,0,0,91,63,43,196,1346,204,111,61,0,3166,48,22,4626,0,46,49,PS,0.39592605272167064,23897,3137,15399.0,5362.0,0.13127170774574215,0.6443905092689459,0.22437962924216429,"(39.1618427, -8.7886431)",39.1618427,-8.7886431,812.3,874.8,743.0,4.3,0.043
227,Chamusca,4733,427,0,0,0,21,15,16,47,870,106,53,30,0,1189,12,12,1903,0,15,17,PS,0.4020705683498838,9448,1021,5612.0,2815.0,0.10806519898391194,0.5939881456392887,0.2979466553767993,"(39.3107092, -8.352656)",39.3107092,-8.352656,756.2,785.8,715.4,4.1,0.040999999999999995
228,Coruche,9600,854,0,0,0,35,25,40,72,2022,154,71,45,0,2459,36,19,3695,0,47,26,PS,0.3848958333333333,18126,1977,10534.0,5615.0,0.1090698444223767,0.5811541432196844,0.3097760123579389,"(38.9603055, -8.5248217)",38.9603055,-8.524821699999999,815.8,856.1,762.4,6.9,0.069
229,Golegã,2865,325,0,0,0,11,9,17,36,466,62,20,15,0,800,6,7,1074,0,4,13,PS,0.374869109947644,5478,623,3376.0,1479.0,0.11372763782402337,0.6162833150784958,0.26998904709748084,"(39.4047966, -8.4880572)",39.404796600000005,-8.488057199999998,721.6,784.2,671.0,4.3,0.043
230,Rio Maior,9984,937,0,0,0,65,51,45,135,526,102,101,40,0,4986,50,22,2859,0,28,37,PPD/PSD.CDS-PP,0.49939903846153844,20510,2770,13087.0,4653.0,0.13505607020965382,0.6380789858605558,0.22686494392979034,"(39.3393698, -8.935573699999999)",39.3393698,-8.935573699999999,785,844.7,711.4,3.7,0.037000000000000005
231,Salvaterra de Magos,9036,1279,0,0,0,52,46,38,165,1130,189,117,58,0,2558,32,16,3286,0,38,32,PS,0.36365648517042937,21494,2752,13667.0,5075.0,0.12803573090164697,0.635851865636922,0.2361124034614311,"(39.0272019, -8.794182)",39.027201899999994,-8.794182000000001,750.8,798.5,690.8,7.5,0.075
232,Santarém,29983,3102,0,0,0,169,145,111,346,2717,373,328,172,0,11100,128,46,11023,0,119,104,PPD/PSD.CDS-PP,0.3702097855451422,58039,7778,35958.0,14303.0,0.13401333586036976,0.6195489239993798,0.24643774014025052,"(39.2848804, -8.704075)",39.2848804,-8.704075,823.3,867.9,776.5,4.7,0.047
233,Alter do Chão,1698,111,0,0,0,2,3,8,10,240,33,11,6,0,519,5,0,742,0,6,2,PS,0.4369846878680801,3246,351,1948.0,947.0,0.10813308687615526,0.6001232285890327,0.2917436845348121,"(39.2009423, -7.6603032)",39.200942299999994,-7.6603032,716.8,779.7,673.1,8.1,0.081
234,Arronches,1643,122,0,0,0,5,5,2,7,133,30,5,8,0,579,5,0,733,0,8,1,PS,0.44613511868533173,2931,231,1793.0,908.0,0.07881269191402251,0.6117366086659843,0.3097918799044695,"(39.1218363, -7.2845731)",39.1218363,-7.2845731,656.9,673.6,646.0,5.7,0.057
235,Avis,2393,158,0,0,0,8,7,4,11,992,42,11,5,0,405,10,0,735,0,1,4,PCP-PEV,0.41454241537818637,4313,415,2619.0,1280.0,0.09622072803153257,0.6072339438905634,0.29677718525388364,"(39.05406869999999, -7.891114)",39.0540687,-7.891114,724.5,776,672.8,7.1,0.071
236,Campo Maior,4301,473,0,0,0,16,3,4,35,761,76,11,9,0,740,15,0,2148,0,9,1,PS,0.499418739827947,8069,1179,5148.0,1743.0,0.1461147601933325,0.6379972735159252,0.2160118973850539,"(39.0134528, -7.070006299999999)",39.013452799999996,-7.070006299999999,1034.6,1138.2,897.5,7.6,0.076
237,Castelo de Vide,1808,204,0,0,0,5,4,3,22,109,37,14,6,0,575,8,0,809,0,5,7,PS,0.44745575221238937,3035,286,1836.0,914.0,0.09423393739703459,0.6049423393739704,0.30115321252059307,"(39.4142343, -7.453963499999999)",39.4142343,-7.4539634999999995,689.2,739.3,648.9,5.8,0.057999999999999996
238,Crato,1939,142,0,0,0,2,6,7,10,224,42,6,4,0,572,3,0,916,0,4,1,PS,0.4724084579680248,3276,300,1854.0,1123.0,0.09157509157509157,0.5659340659340659,0.3427960927960928,"(39.28767440000001, -7.6456553)",39.2876744,-7.6456553,656.6,680.7,641.0,8,0.08
239,Elvas,9338,1045,0,0,0,24,26,37,83,673,159,56,49,0,2728,33,0,4331,0,46,48,PS,0.4638038123795245,21134,2751,13520.0,4864.0,0.1301693952872149,0.6397274533926375,0.2301504684394814,"(38.8802788, -7.1636637)",38.88027879999999,-7.1636637,716.4,745.1,681.0,12.6,0.126
240,Fronteira,1783,157,0,0,0,4,2,2,7,191,33,2,5,0,551,8,0,814,0,4,3,PS,0.45653393157599553,3036,358,1829.0,849.0,0.11791831357048749,0.602437417654809,0.27964426877470355,"(39.05599730000001, -7.647754000000001)",39.0559973,-7.647753999999999,693.2,709.1,675.2,8.6,0.086
241,Gavião,2344,203,0,0,0,4,3,8,17,229,45,13,7,0,512,10,0,1273,0,11,9,PS,0.5430887372013652,3490,297,1942.0,1252.0,0.08510028653295129,0.5564469914040114,0.35873925501432663,"(39.46528, -7.935946899999999)",39.46528,-7.935946899999999,677.6,772.2,627.4,7.1,0.071
242,Marvão,1652,143,0,0,0,3,4,2,14,64,25,9,11,0,632,8,0,723,0,8,6,PS,0.43765133171912834,3149,298,1821.0,1031.0,0.09463321689425214,0.5782788186725945,0.32740552556367103,"(39.3939447, -7.376536299999999)",39.393944700000006,-7.3765363,655.6,655.1,656.1,5,0.05
243,Monforte,1619,123,0,0,0,4,2,5,5,259,35,2,6,0,409,1,0,761,0,7,0,PS,0.47004323656578134,3045,417,1865.0,763.0,0.13694581280788176,0.6124794745484401,0.25057471264367814,"(39.053627, -7.439591099999999)",39.053627,-7.4395910999999995,774.2,836.8,712.6,12.9,0.129
244,Nisa,3737,269,0,0,0,11,11,11,34,462,73,21,17,0,1131,15,0,1661,0,13,8,PS,0.44447417714744447,6369,578,3535.0,2257.0,0.09075208038938609,0.5550321871565395,0.35437274297377924,"(39.5179524, -7.648376700000001)",39.5179524,-7.648376700000001,657.4,720.3,618.3,6.7,0.067
245,Ponte de Sor,7919,809,0,0,0,38,42,21,59,1541,166,44,36,0,1768,31,0,3318,0,28,18,PS,0.41899229700719787,15387,1791,9568.0,4029.0,0.11639695847143693,0.6218236173393124,0.26184441411581205,"(39.2576559, -8.011396099999999)",39.2576559,-8.011396099999999,761.2,840,677.0,6.1,0.061
246,Portalegre,12229,1250,0,0,0,56,23,28,135,831,131,100,43,0,4368,25,0,5171,0,37,31,PS,0.42284733011693515,22775,2863,13958.0,5954.0,0.1257080131723381,0.6128649835345774,0.26142700329308455,"(39.2967086, -7.4284755)",39.2967086,-7.4284755,774.2,816.6,727.1,5.4,0.054000000000000006
247,Sousel,2575,218,0,0,0,7,13,2,15,475,74,21,5,0,814,10,0,902,0,11,8,PS,0.3502912621359223,4571,494,2695.0,1383.0,0.10807263180923211,0.5895865237366003,0.3025596149639029,"(38.9535932, -7.6764218)",38.9535932,-7.676421799999999,641,668,610.9,6.9,0.069
248,Alandroal,3059,220,0,0,0,11,5,4,8,794,73,15,8,0,507,17,0,1383,0,4,10,PS,0.45210853220006536,5218,556,3081.0,1582.0,0.10655423533921042,0.5904561134534304,0.3031812955155232,"(38.7021331, -7.4036488)",38.7021331,-7.4036488,666,712.9,628.1,7.2,0.07200000000000001
249,Arraiolos,3910,286,0,0,0,20,11,12,42,1372,66,20,14,0,705,13,0,1331,0,16,2,PCP-PEV,0.35089514066496164,7028,794,4314.0,1921.0,0.11297666476949346,0.6138303927148548,0.27333523050654523,"(38.723479, -7.9863851)",38.723479,-7.9863851,761.5,838.2,683.4,5.7,0.057
250,Borba,3761,401,0,0,0,12,6,10,32,513,59,20,8,0,880,20,0,1784,0,13,3,PS,0.47434193033767613,6915,768,4234.0,1913.0,0.11106290672451193,0.6122921185827911,0.27664497469269705,"(38.8068177, -7.458405000000001)",38.8068177,-7.458405,770.6,810.9,723.8,7,0.07
251,Estremoz,6799,615,0,0,0,18,21,26,51,911,76,35,35,0,2201,41,0,2728,0,25,16,PS,0.4012354758052655,13066,1413,7801.0,3852.0,0.10814327261594979,0.5970457676412062,0.29481095974284405,"(38.8424149, -7.5888963)",38.842414899999994,-7.5888963,743.9,799.9,685.5,6.9,0.069
252,Évora,27921,2883,0,0,0,153,76,77,323,5385,329,158,106,0,7832,106,0,10350,0,67,76,PS,0.37068872891372084,53084,7356,33844.0,11884.0,0.1385728279707633,0.6375555723005049,0.22387159972873183,"(38.571431, -7.913501999999999)",38.571431,-7.913502,863.9,927.5,787.8,6.2,0.062
253,Montemor-o-Novo,9003,665,0,0,0,49,33,35,62,3145,157,52,29,0,1855,29,0,2853,0,24,15,PCP-PEV,0.34932800177718537,16036,1751,9527.0,4759.0,0.1091918184085807,0.5941007732601646,0.2967697680219506,"(38.64708, -8.2178641)",38.647079999999995,-8.2178641,773.8,821.7,714.8,4.7,0.047
254,Mora,2583,125,0,0,0,4,3,5,18,1023,52,14,3,0,535,7,0,786,0,3,5,PCP-PEV,0.39605110336817656,4333,439,2509.0,1385.0,0.1013154858066005,0.5790445418878375,0.31963997230556196,"(38.9447445, -8.1653387)",38.9447445,-8.1653387,699.1,778.1,636.2,4.9,0.049
255,Mourão,1271,79,0,0,0,1,5,2,2,137,18,6,1,0,357,8,0,646,0,5,4,PS,0.5082612116443745,2498,344,1598.0,556.0,0.1377101681345076,0.6397117694155324,0.22257806244995998,"(38.3637216, -7.286867999999999)",38.3637216,-7.286867999999999,692.7,725.7,660.2,13.1,0.131
256,Portel,3252,195,0,0,0,5,8,3,11,1028,55,15,7,0,360,7,0,1548,0,4,6,PS,0.47601476014760147,5977,688,3642.0,1648.0,0.11510791366906475,0.6093357871842061,0.275723607160783,"(38.2773641, -7.654811)",38.2773641,-7.6548110000000005,754.2,812.5,696.4,7.9,0.079
257,Redondo,3199,301,0,0,0,14,14,8,35,607,54,19,10,0,748,16,0,1359,0,11,3,PS,0.4248202563301032,6521,821,4074.0,1627.0,0.1259009354393498,0.6247508050912437,0.24950161018248734,"(38.6490041, -7.543651400000001)",38.649004100000006,-7.543651400000001,699.8,717,672.1,7.6,0.076
258,Reguengos de Monsaraz,4911,394,0,0,0,19,15,8,38,674,86,32,14,0,1190,30,0,2395,0,12,4,PS,0.4876807167582977,10191,1337,6351.0,2504.0,0.1311941909528015,0.6231969384751251,0.2457069963693455,"(38.4252756, -7.53437)",38.4252756,-7.53437,746.1,793.8,694.6,8.4,0.084
259,Vendas Novas,5714,492,0,0,0,25,31,16,66,1440,95,26,21,0,1435,39,0,1998,0,18,12,PS,0.3496674833741687,11422,1449,6805.0,3168.0,0.12686044475573455,0.5957800735422868,0.27735948170197866,"(38.6540819, -8.550128299999999)",38.654081899999994,-8.5501283,802,895.9,708.4,4.3,0.043
260,Viana do Alentejo,2711,241,0,0,0,15,6,9,17,808,54,10,9,0,503,13,0,1014,0,9,3,PS,0.37403172261158246,5232,690,3371.0,1171.0,0.13188073394495411,0.6443042813455657,0.22381498470948014,"(38.3341493, -8.0038406)",38.33414929999999,-8.0038406,705,743.2,664.4,6.7,0.067
261,Vila Viçosa,4023,415,0,0,0,10,8,1,18,730,71,21,15,0,1167,17,0,1530,0,13,7,PS,0.38031319910514544,7854,919,5083.0,1853.0,0.11701044053985231,0.6471861471861472,0.23593073593073594,"(38.7663221, -7.362459800000001)",38.766322100000004,-7.3624598,817.6,877.7,709.3,6.1,0.061
262,Albufeira,14311,2064,0,0,0,116,115,91,415,1069,229,234,102,0,5242,77,0,4400,0,86,71,PPD/PSD.CDS-PP,0.3662916637551534,40729,6767,27305.0,6657.0,0.16614697144540744,0.6704068354243905,0.16344619313020206,"(37.0890719, -8.2478796)",37.0890719,-8.247879600000001,788.5,844.3,734.8,7.2,0.07200000000000001
263,Alcoutim,1509,79,0,0,0,8,3,8,10,108,19,8,4,0,579,5,0,670,0,7,1,PS,0.4440026507620941,2361,163,1124.0,1074.0,0.06903854299025837,0.47606946209233375,0.4548919949174079,"(37.4699785, -7.473077600000001)",37.469978499999996,-7.4730776,709.2,728.6,693.3,6.2,0.062
264,Aljezur,2173,255,0,0,0,24,24,11,38,270,68,31,19,0,538,14,0,852,0,18,11,PS,0.3920846755637368,5597,724,3144.0,1730.0,0.1293550116133643,0.5617294979453279,0.3090941575844202,"(37.3166126, -8.803728999999999)",37.3166126,-8.803728999999999,691.3,714,671.5,5,0.05
265,Castro Marim,3016,407,0,0,0,18,14,15,33,230,46,47,7,0,919,9,0,1250,0,11,10,PS,0.41445623342175064,6369,708,3887.0,1774.0,0.11116344795101271,0.6102998900926362,0.2785366619563511,"(37.2179422, -7.4423339)",37.2179422,-7.4423339,704,733.1,677.1,5.1,0.051
266,Faro,29628,4149,0,0,0,361,149,166,630,2724,377,317,189,0,9671,104,0,10435,0,240,116,PS,0.3522006210341569,60997,9403,38708.0,12887.0,0.15415512238306803,0.6345885863239176,0.2112726855419119,"(37.0193548, -7.9304397)",37.019354799999995,-7.9304397,867.3,907.1,828.7,4.5,0.045
267,Lagoa,9468,1576,0,0,0,54,73,82,200,900,176,122,100,0,2979,37,0,3058,0,56,55,PS,0.3229826784959865,22776,3336,14756.0,4685.0,0.1464699683877766,0.6478749560941341,0.2056989813839129,"(37.1356176, -8.4514359)",37.1356176,-8.4514359,822.7,873.3,768.7,6.4,0.064
268,Lagos,11635,1945,0,0,0,84,108,94,259,1212,190,152,80,0,3128,59,0,4205,0,62,57,PS,0.3614095401804899,30629,4600,19715.0,6314.0,0.15018446570243887,0.6436710307225179,0.20614450357504327,"(37.1027881, -8.6730275)",37.1027881,-8.6730275,755.7,788.2,726.5,5.6,0.055999999999999994
269,Loulé,26437,3293,0,0,0,161,164,172,552,1588,363,368,173,0,10854,95,0,8379,0,154,121,PPD/PSD.CDS-PP,0.4105609562355789,69194,10506,44402.0,14286.0,0.15183397404399226,0.6417030378356505,0.20646298812035727,"(37.1379187, -8.020216)",37.1379187,-8.020216,813.7,856.9,762.9,4.9,0.049
270,Monchique,3062,377,0,0,0,9,18,22,30,271,68,29,19,0,942,17,0,1220,0,22,18,PS,0.3984323971260614,5332,495,3010.0,1828.0,0.09283570892723181,0.5645161290322581,0.3428357089272318,"(37.3188654, -8.556217199999999)",37.3188654,-8.556217199999999,698.2,727.3,672.5,7.3,0.073
271,Olhão,17560,2895,0,0,0,116,124,124,403,1698,348,243,132,0,5206,64,0,5925,0,178,104,PS,0.3374145785876993,44996,7114,29027.0,8856.0,0.15810294248377635,0.6451017868254956,0.19681749488843453,"(37.0260416, -7.8423509)",37.0260416,-7.8423509000000005,735.6,770.6,696.9,4.1,0.040999999999999995
272,Portimão,23338,3933,0,0,0,185,140,274,478,1962,370,304,235,0,7286,99,0,7788,0,141,143,PS,0.33370468763390176,55392,9187,35418.0,10787.0,0.1658542749855575,0.6394064124783362,0.1947393125361063,"(37.13617, -8.5376926)",37.13617,-8.5376926,806.4,853,760.8,7.8,0.078
273,São Brás de Alportel,4567,653,0,0,0,35,26,39,108,333,49,40,37,0,1592,19,0,1575,0,44,17,PPD/PSD.CDS-PP,0.3485876943288811,10498,1464,6743.0,2291.0,0.13945513431129739,0.6423128214898076,0.21823204419889503,"(37.152576, -7.889052299999999)",37.152576,-7.8890523,724.2,749.6,692.0,3.6,0.036000000000000004
274,Silves,15218,2137,0,0,0,114,163,99,276,2124,352,179,130,0,4479,74,0,4940,0,77,74,PS,0.3246155868050992,36367,5085,22744.0,8538.0,0.13982456622762393,0.6254021503010971,0.2347732834712789,"(37.1889976, -8.4412051)",37.1889976,-8.4412051,743.3,763.5,719.2,4.8,0.048
275,Tavira,11176,1649,0,0,0,90,51,94,177,762,179,133,60,0,3756,54,0,4052,0,72,47,PS,0.3625626342161775,25139,3316,15256.0,6568.0,0.13190659930784837,0.6068658260073989,0.2612673535144596,"(37.1335906, -7.643001899999999)",37.133590600000005,-7.6430019,706.9,728.6,686.0,4.3,0.043
276,Vila do Bispo,2047,276,0,0,0,12,17,9,51,187,32,21,13,0,540,8,0,855,0,18,8,PS,0.4176844162188569,5177,645,3172.0,1361.0,0.12458953061618698,0.6127100637434808,0.2628935677033031,"(37.0829726, -8.9091832)",37.082972600000005,-8.9091832,763.4,794.5,730.0,5.1,0.051
277,Vila Real de Santo António,7974,1234,0,0,0,48,33,37,123,1101,146,65,43,0,2239,20,0,2818,0,34,33,PS,0.35339854527213443,18994,2847,12098.0,4049.0,0.14988943877013794,0.6369379804148678,0.2131725808149942,"(37.1937172, -7.4209255)",37.1937172,-7.4209255,734.9,796.9,674.6,6.2,0.062
278,Vila do Porto,1980,196,0,47,0,9,3,6,5,75,14,24,2,656,0,0,0,926,0,7,10,PS,0.4676767676767677,5651,829,4033.0,790.0,0.1466996991682888,0.7136789948681649,0.13979826579366483,"(36.9568037, -25.1412316)",36.9568037,-25.1412316,1005.1,1129.3,829.7,0,0.0
279,Lagoa [R.A.A.],4466,407,0,87,0,11,26,54,47,101,23,18,8,1527,0,0,0,2117,0,13,27,PS,0.474025974025974,14711,2661,10323.0,1727.0,0.18088505200190333,0.7017198015090749,0.11739514648902181,"(37.7451046, -25.5720746)",37.745104600000005,-25.5720746,738.4,751.3,715.5,0,0.0
280,Nordeste,2422,155,0,44,0,3,13,12,19,43,21,6,6,989,0,0,0,1098,0,10,3,PS,0.45334434351775393,4930,710,3343.0,877.0,0.1440162271805274,0.6780933062880324,0.17789046653144017,"(37.8322686, -25.145931)",37.8322686,-25.145931,692,685.7,700.6,0,0.0
281,Ponta Delgada,24198,2597,0,608,0,119,88,241,336,764,218,162,63,9063,0,0,0,9674,0,124,141,PS,0.39978510620712454,68204,11138,48352.0,8714.0,0.16330420503196294,0.7089320274470705,0.12776376752096652,"(37.7428301, -25.6805868)",37.742830100000006,-25.6805868,902.2,977.2,814.6,0,0.0
282,Povoação,2474,149,0,42,0,5,9,12,17,33,14,17,3,880,0,0,0,1275,0,6,12,PS,0.51535974130962,6038,889,4224.0,925.0,0.14723418350447168,0.6995693938390195,0.1531964226565088,"(37.7486524, -25.2390903)",37.7486524,-25.2390903,743.2,845.5,651.0,0,0.0
283,Ribeira Grande,9553,893,0,152,0,20,36,226,87,209,64,40,14,3830,0,0,0,3909,0,31,42,PS,0.40919083010572593,32746,6812,23211.0,2723.0,0.20802540768338118,0.7088193977890429,0.08315519452757589,"(37.8210369, -25.5148137)",37.8210369,-25.514813699999998,770.7,798,723.4,0,0.0
284,Vila Franca do Campo,3687,286,0,58,0,6,18,55,32,73,28,19,1,1453,0,0,0,1637,0,10,11,PS,0.4439924057499322,11202,1857,7987.0,1358.0,0.16577396893411891,0.7129976789858954,0.12122835207998571,"(37.7157269, -25.4345063)",37.7157269,-25.4345063,690.1,695,684.0,0,0.0
285,Angra do Heroísmo,13820,1033,0,1193,0,73,36,34,102,313,53,73,38,4762,0,0,0,6034,0,41,35,PS,0.4366136034732272,34264,5129,23516.0,5620.0,0.14969063740368901,0.6863180014008873,0.16402054634601915,"(38.6635375, -27.2293969)",38.6635375,-27.229396899999998,792.4,805.9,776.2,0,0.0
286,Vila da Praia da Vitória,7461,521,0,439,0,28,17,25,41,123,54,28,15,2765,0,0,0,3372,0,15,18,PS,0.4519501407318054,21473,3124,15259.0,3091.0,0.14548502770921623,0.7106133283658548,0.14394821403623154,"(38.7339162, -27.0646976)",38.7339162,-27.064697600000002,775.3,819.1,708.7,0,0.0
287,Santa Cruz da Graciosa,1897,55,0,28,0,1,6,7,3,25,9,9,0,751,0,0,0,993,0,6,4,PS,0.5234580917237743,4284,562,2894.0,829.0,0.1311858076563959,0.6755368814192344,0.1935107376283847,"(39.0862753, -28.0156811)",39.0862753,-28.0156811,704.2,735,665.0,0,0.0
288,Calheta [R.A.A.],1586,92,0,105,0,4,3,2,6,32,5,6,2,810,0,0,0,510,0,7,2,PPD/PSD,0.510718789407314,3257,462,2039.0,757.0,0.14184832668099479,0.6260362296591956,0.23242247466994168,"(38.60204969999999, -28.0193407)",38.6020497,-28.0193407,669.5,696.2,646.5,0,0.0
289,Velas,2188,124,0,373,0,6,12,6,17,50,13,6,8,766,0,0,0,797,0,3,7,PS,0.3642595978062157,5192,635,3654.0,903.0,0.12230354391371341,0.7037750385208013,0.17392141756548538,"(38.6839843, -28.2131879)",38.6839843,-28.213187899999994,737.2,750.1,721.4,0,0.0
290,Lajes do Pico,2083,76,0,56,0,9,5,12,6,36,17,8,1,941,0,0,0,902,0,10,4,PPD/PSD,0.45175228036485837,4571,558,2980.0,1033.0,0.12207394443229053,0.6519361190111573,0.22598993655655217,"(38.39976770000001, -28.2519641)",38.399767700000005,-28.2519641,658.4,688,642.5,0,0.0
291,Madalena,2464,111,0,73,0,2,5,5,19,65,9,12,4,1221,0,0,0,929,0,7,2,PPD/PSD,0.4955357142857143,5929,819,4011.0,1100.0,0.1381345926800472,0.6765053128689492,0.18552875695732837,"(38.5298862, -28.5185092)",38.5298862,-28.5185092,703.5,737.8,667.6,0,0.0
292,São Roque do Pico,1382,80,0,31,0,10,2,5,9,35,7,12,4,562,0,0,0,611,0,7,7,PS,0.44211287988422576,3287,443,2222.0,623.0,0.13477334955886827,0.6759963492546395,0.18953452996653483,"(38.5160544, -28.3140488)",38.5160544,-28.314048800000002,707.2,736.2,658.2,0,0.0
293,Horta,5894,466,0,205,0,26,13,33,49,283,42,67,12,2318,0,0,0,2346,0,18,16,PS,0.3980318968442484,14700,2101,10145.0,2455.0,0.1429251700680272,0.6901360544217687,0.16700680272108845,"(38.5348447, -28.6299812)",38.53484470000001,-28.629981199999996,825.1,855.4,793.3,0,0.0
294,Lajes das Flores,603,44,0,20,0,0,5,10,11,16,1,1,1,254,0,0,0,237,0,1,2,PPD/PSD,0.42122719734660036,1490,179,1013.0,299.0,0.12013422818791947,0.6798657718120805,0.20067114093959731,"(39.3782624, -31.1781975)",39.378262400000004,-31.178197499999996,738.5,807.1,672.5,0,0.0
295,Santa Cruz das Flores,839,42,0,53,0,0,2,18,7,42,9,3,3,259,0,0,0,395,0,3,3,PS,0.47079856972586415,2188,270,1514.0,404.0,0.12340036563071298,0.6919561243144424,0.1846435100548446,"(39.4582827, -31.1338071)",39.458282700000005,-31.1338071,740.5,792,681.9,0,0.0
296,Corvo,176,3,0,40,0,0,0,3,2,2,0,0,0,19,0,0,0,107,0,0,0,PS,0.6079545454545454,461,65,314.0,82.0,0.14099783080260303,0.6811279826464208,0.17787418655097614,"(39.7023111, -31.1080244)",39.7023111,-31.1080244,754.5,829.1,694.3,0,0.0
297,Calheta [R.A.M.],5558,359,636,0,172,42,66,23,53,90,48,48,35,3352,0,21,0,539,74,0,0,PPD/PSD,0.603094638359122,10924,1378,7104.0,2442.0,0.12614426949835225,0.6503112413035518,0.22354448919809594,"(32.7379818, -17.180948)",32.7379818,-17.180948,804,846,734.2,0,0.0
298,Câmara de Lobos,14277,1164,1043,0,516,145,364,147,297,539,205,299,115,7007,0,68,0,2105,263,0,0,PPD/PSD,0.4907893815227289,33947,5661,24288.0,3999.0,0.16675994933278346,0.7154682298877663,0.1178012784634872,"(32.6610892, -16.9860384)",32.6610892,-16.986038399999998,769.9,793.5,728.9,0,0.0
299,Funchal,51242,6798,3011,0,2616,602,657,623,1131,2588,716,1167,348,17522,0,221,0,12599,643,0,0,PPD/PSD,0.3419460598727606,104628,13606,72167.0,18855.0,0.13004167144550216,0.6897484420996292,0.18020988645486868,"(32.6669328, -16.9240554)",32.6669328,-16.924055399999997,919.2,992.5,845.1,0,0.0
300,Machico,9579,934,374,0,460,78,171,40,106,201,124,90,77,3268,0,25,0,3510,121,0,0,PS,0.36642655809583463,20363,2557,14530.0,3276.0,0.12557088837597605,0.7135490841231645,0.1608800275008594,"(32.7318412, -16.791291)",32.7318412,-16.791291,883.6,973.1,776.2,0,0.0
301,Ponta do Sol,4014,339,299,0,145,29,37,27,46,65,49,44,26,2223,0,26,0,609,50,0,0,PPD/PSD,0.5538116591928252,8558,1201,5929.0,1429.0,0.14033652722598738,0.6928020565552699,0.16697826594998832,"(32.6854883, -17.0864266)",32.6854883,-17.0864266,660.2,677.8,639.9,0,0.0
302,Porto Moniz,1572,75,61,0,29,5,10,7,12,13,6,5,7,799,0,3,0,517,23,0,0,PPD/PSD,0.5082697201017812,2380,276,1509.0,596.0,0.11596638655462185,0.6340336134453781,0.2504201680672269,"(32.8666844, -17.1706079)",32.8666844,-17.1706079,712.2,815.6,648.6,0,0.0
303,Ribeira Brava,6214,528,457,0,312,52,101,43,92,170,95,120,40,3140,0,36,0,892,136,0,0,PPD/PSD,0.5053105889925974,12437,1868,8481.0,2089.0,0.15019699284393342,0.6819168609793359,0.16796655141915254,"(32.6739884, -17.0509906)",32.6739884,-17.050990600000002,694.9,731.4,663.4,0,0.0
304,Santa Cruz,19109,2396,647,0,4163,227,196,145,350,616,248,275,94,5855,0,92,0,3494,311,0,0,PPD/PSD,0.30640012559526925,44222,7391,32024.0,4808.0,0.1671340056985211,0.7241644430374022,0.1087241644430374,"(39.1340863, -9.3814444)",39.13408629999999,-9.3814444,821.2,858.8,765.4,0,0.0
305,Santana,3861,313,679,0,135,36,51,43,46,91,37,39,21,1710,0,18,0,581,61,0,0,PPD/PSD,0.4428904428904429,6842,710,4453.0,1680.0,0.10377082724349605,0.6508330897398421,0.24554223911137094,"(32.8018761, -16.879792)",32.8018761,-16.879792000000002,688.8,756.7,652.3,0,0.0
306,São Vicente,2636,209,235,0,70,27,23,19,42,37,28,24,14,1370,0,9,0,494,35,0,0,PPD/PSD,0.5197268588770865,5156,562,3260.0,1334.0,0.10899922420480992,0.6322730799069046,0.2587276958882855,"(32.8040637, -17.0470138)",32.8040637,-17.047013800000002,685.4,708.7,661.1,0,0.0
307,Porto Santo,2427,227,94,0,53,17,29,8,31,58,36,33,7,982,0,9,0,812,31,0,0,PPD/PSD,0.4046147507210548,5168,717,3786.0,665.0,0.13873839009287925,0.7325851393188855,0.12867647058823528,"(33.0759749, -16.3346061)",33.0759749,-16.3346061,852.7,948.8,748.2,0,0.0
