generation,add,sub,mul,div,Ageing index,Population density,migrants_Males,labour productivity,x,y,unemp_45 - 54,higher_female,no_male,avg_wage,Capital revenue,PPD/PSD,population_fitness,elite_fitness,val_fitness
0,0.25,0.25,0.25,0.25,0.08333333333333333,0.08333333333333333,0.08333333333333333,0.08333333333333333,0.08333333333333333,0.08333333333333333,0.08333333333333333,0.08333333333333333,0.08333333333333333,0.08333333333333333,0.08333333333333333,0.08333333333333333,6.851274387895941e+18,4.167361652485735,0.0
0,0.25,0.25,0.25,0.25,0.08333333333333333,0.08333333333333333,0.08333333333333333,0.08333333333333333,0.08333333333333333,0.08333333333333333,0.08333333333333333,0.08333333333333333,0.08333333333333333,0.08333333333333333,0.08333333333333333,0.08333333333333333,1.8899396622226145e+25,4.07797297238138,0.0
0,0.25,0.25,0.25,0.25,0.08333333333333333,0.08333333333333333,0.08333333333333333,0.08333333333333333,0.08333333333333333,0.08333333333333333,0.08333333333333333,0.08333333333333333,0.08333333333333333,0.08333333333333333,0.08333333333333333,0.08333333333333333,1.1751448427215843e+21,4.320632952107407,0.0
0,0.25,0.25,0.25,0.25,0.08333333333333333,0.08333333333333333,0.08333333333333333,0.08333333333333333,0.08333333333333333,0.08333333333333333,0.08333333333333333,0.08333333333333333,0.08333333333333333,0.08333333333333333,0.08333333333333333,0.08333333333333333,2.3510598750196886e+23,4.131001444015174,0.0
0,0.25,0.25,0.25,0.25,0.08333333333333333,0.08333333333333333,0.08333333333333333,0.08333333333333333,0.08333333333333333,0.08333333333333333,0.08333333333333333,0.08333333333333333,0.08333333333333333,0.08333333333333333,0.08333333333333333,0.08333333333333333,1.7745852869219617e+29,4.111132652081301,0.0
1,0.25,0.25,0.25,0.25,0.09232613908872901,0.09232613908872901,0.08153477218225419,0.08153477218225419,0.08153477218225419,0.08153477218225419,0.08153477218225419,0.07074340527577937,0.08153477218225419,0.09232613908872901,0.08153477218225419,0.08153477218225419,14513509.962591486,3.7564082794536446,0.0
1,0.25,0.25,0.25,0.25,0.08515151515151514,0.08515151515151514,0.08515151515151514,0.08515151515151514,0.07424242424242423,0.08515151515151514,0.08515151515151514,0.08515151515151514,0.08515151515151514,0.07424242424242423,0.08515151515151514,0.08515151515151514,4922693.95934411,3.256958567412257,0.0
1,0.2567567567567568,0.24324324324324323,0.2567567567567568,0.24324324324324326,0.08242424242424241,0.08242424242424241,0.08242424242424241,0.08242424242424241,0.09333333333333332,0.08242424242424241,0.08242424242424241,0.08242424242424241,0.08242424242424241,0.08242424242424241,0.08242424242424241,0.08242424242424241,189290.29239536327,3.0969079855317645,0.0
2,0.25328947368421056,0.2401315789473684,0.25328947368421056,0.25328947368421056,0.0822290944223039,0.09313818533139481,0.08246327202463015,0.08246327202463015,0.08246327202463015,0.08246327202463015,0.08246327202463015,0.0717883587178655,0.08246327202463015,0.09313818533139481,0.08246327202463015,0.08246327202463015,319703.4730645745,2.7450648931295474,0.0
1,0.2467087395686013,0.2600492510853168,0.26004925108531673,0.2331927582607652,0.08511248555112744,0.08511248555112744,0.08511248555112744,0.08511248555112744,0.08511248555112744,0.08511248555112744,0.07443757224436277,0.08511248555112744,0.07443757224436277,0.08511248555112744,0.08511248555112744,0.08511248555112744,756532032.775991,4.01775811248756,0.0
2,0.2467567567567568,0.24657657657657656,0.26009009009009015,0.24657657657657658,0.08243405275779374,0.08243405275779374,0.08243405275779374,0.08243405275779374,0.0932254196642686,0.08243405275779374,0.08243405275779374,0.08243405275779374,0.08243405275779374,0.08243405275779374,0.08243405275779374,0.08243405275779374,755.5073071527387,2.9872231361487813,0.0
1,0.25,0.25,0.25,0.25,0.08333333333333333,0.08333333333333333,0.08333333333333333,0.08333333333333333,0.08333333333333333,0.08333333333333333,0.08333333333333333,0.08333333333333333,0.08333333333333333,0.08333333333333333,0.08333333333333333,0.08333333333333333,1565916.5441587453,4.111132652081301,0.0
2,0.26316023433405705,0.2368397656659429,0.25,0.25,0.07605963224073148,0.06515183975814001,0.08697002157632183,0.08697002157632183,0.07605963224073148,0.08697002157632183,0.08697002157632183,0.08697002157632183,0.08697002157632183,0.08696872314982239,0.08697002157632183,0.08697002157632183,70543.60650746501,3.256958567412257,0.0
3,0.23675675675675678,0.24990990990990988,0.2634234234234235,0.2499099099099099,0.08426236951615179,0.08426236951615179,0.08426236951615179,0.0732329577514459,0.08414334708703636,0.08426236951615179,0.08426236951615179,0.08426236951615179,0.08426236951615179,0.08426236951615179,0.08426236951615179,0.08426236951615179,321.2283850502635,2.9533014279050667,0.0
3,0.25671230440967285,0.22986308677098144,0.25671230440967285,0.25671230440967285,0.0813319197604543,0.09212328666692911,0.08156357026635257,0.08156357026635257,0.08156357026635257,0.08156357026635257,0.08156357026635257,0.07100385386577603,0.08156357026635257,0.09212328666692911,0.09247266117544348,0.08156357026635257,737109.911145129,2.3487629102816787,0.0
2,0.2467087395686013,0.2600492510853168,0.26004925108531673,0.2331927582607652,0.08511248555112745,0.08511248555112745,0.08511248555112745,0.08511248555112745,0.08511248555112745,0.08511248555112745,0.07443757224436279,0.08511248555112745,0.07443757224436279,0.08511248555112745,0.08511248555112745,0.08511248555112745,19847477.925214894,4.017454355361916,0.0
2,0.23333214793741106,0.2600011853959223,0.2600011853959223,0.2466654812707444,0.08793961924073448,0.08793961924073448,0.08793961924073448,0.07678720288385717,0.08793961924073448,0.08793961924073448,0.08793961924073448,0.07703052833164357,0.08793961924073448,0.07703052833164357,0.07678720288385717,0.07678720288385717,4773397.524000107,3.9960750733517987,0.0
3,0.286777443615258,0.22007299230306712,0.23324024792507916,0.25990931615659574,0.08404924306799653,0.061986408572350694,0.08441687200843934,0.08417089162729342,0.08416956392361151,0.084292583314096,0.09532596291753025,0.09532596291753025,0.09532596291753025,0.0733821647013232,0.08441687200843935,0.0731375120238592,14042486.392986378,3.256958567412257,0.0
4,0.24342342342342344,0.2432432432432432,0.25675675675675685,0.2565765765765766,0.08424242656512315,0.08424242656512315,0.08424242656512315,0.07344977524394564,0.08412595910482278,0.08424242656512315,0.08424242656512315,0.08424242656512315,0.08424242656512315,0.08424242656512315,0.08424242656512315,0.08424242656512315,913.9128588469591,2.9533014279050667,0.0
4,0.24649002728632632,0.233502891113994,0.26000354079983984,0.26000354079983984,0.08407722502519194,0.08395820259607639,0.07328201873519938,0.08431143049990526,0.08431143049990526,0.08431143049990526,0.09522052140899617,0.07363524663902825,0.08431143049990526,0.08395820259607639,0.08431143049990525,0.08431143049990526,267665.202445472,2.242912830993985,0.0
3,0.23333214793741106,0.2600011853959223,0.2600011853959223,0.2466654812707444,0.08793961924073448,0.08793961924073448,0.08793961924073448,0.07678720288385717,0.08793961924073448,0.08793961924073448,0.08793961924073448,0.07703052833164357,0.08793961924073448,0.07703052833164357,0.07678720288385717,0.07678720288385717,1173.9887829628417,3.4583056112177664,0.0
3,0.23675204562690916,0.2632503574306854,0.2632503574306854,0.23674723951172,0.08693066736930925,0.08693066736930925,0.08693066736930925,0.08693066736930925,0.08693066736930925,0.08693066736930925,0.07625575406254459,0.07602157646021834,0.06534666315345368,0.08693066736930925,0.08693066736930925,0.08693066736930925,370.00686295376926,3.7085759529037494,0.0
5,0.2435099573257468,0.24333214793741104,0.256667852062589,0.25649004267425324,0.08515151747421408,0.08515151747421408,0.08515151747421408,0.07435886615303657,0.0850350500139137,0.08515151747421408,0.08515151747421408,0.07424242656512317,0.08515151747421408,0.08515151747421408,0.08515151747421408,0.08515151747421408,3286.2125281336903,2.3839307189301273,0.0
5,0.246536211137822,0.23371995833617826,0.25987191526299985,0.25987191526299985,0.08498631593428284,0.0848672935051673,0.07419110964429028,0.07431143049990525,0.08522052140899616,0.08522052140899616,0.09612961231808706,0.07454433754811915,0.08522052140899616,0.0848672935051673,0.08522052140899615,0.08522052140899616,55.855331113839675,2.242912830993985,0.0
4,0.2867839829900118,0.22006767100013383,0.23323726788381408,0.25991107812604036,0.08404924306799652,0.06198640857235069,0.08441687200843932,0.08417089162729341,0.0841695639236115,0.0733834924050051,0.09532596291753025,0.09532596291753025,0.09532596291753025,0.0733821647013232,0.09532596291753025,0.0731375120238592,151626.5357580125,2.714359067034742,0.0
4,0.2435053081844498,0.269654957990808,0.2564970632539659,0.2303426705707763,0.0887305060549261,0.0887305060549261,0.07770109429022024,0.0887305060549261,0.0887305060549261,0.07770109429022024,0.0781695328112528,0.07793785473374862,0.0673768814900753,0.0887305060549261,0.0887305060549261,0.0887305060549261,760.8848887871336,3.6625871285682674,0.0
4,0.24039069693235288,0.2663625348312667,0.23987130676109122,0.2533754614752892,0.08068760189748922,0.08068630347098978,0.08056728104187426,0.08044294906201752,0.09159669280658013,0.09159669280658013,0.09159669280658013,0.08068630347098978,0.09159669280658013,0.08068630347098978,0.06941353729731164,0.08044294906201752,4376.1685877428,3.4583056112177664,0.0
6,0.2501839152086867,0.22223127214882205,0.2638849810907189,0.2636998315517724,0.08693045793312543,0.09783954884221635,0.08693045793312543,0.0762542740722484,0.08681524731592183,0.07602136702403452,0.08693045793312543,0.07613909102665062,0.07613909102665062,0.08693045793312543,0.08693045793312543,0.07613909102665062,5145.118747927682,2.3839307189301273,0.0
6,0.249960622161049,0.22448575189321326,0.2627768129728689,0.2627768129728689,0.08767613005271602,0.08755839203830316,0.07699741879462986,0.07711644122374539,0.0769987172211293,0.08790780813022021,0.09869917503669501,0.07734683488654691,0.07711644122374539,0.07676702513182834,0.0879078081302202,0.08790780813022021,3050.2006858610134,2.130605316993349,0.0
5,0.2824105467870602,0.21759764532896358,0.23042523438873908,0.26956657349523716,0.08581556983839117,0.0538958044891412,0.10752380760053744,0.08593333649654555,0.0859320511609317,0.07549017166229968,0.09673244069406263,0.08617146745038934,0.08594107378758782,0.07548888632668584,0.09673244069406263,0.064342949799365,1194082.171976549,2.223432783896376,0.0
7,0.2437300074530579,0.22949288535961282,0.2700576555809027,0.25671945160642656,0.0886616125331348,0.09933652583989946,0.0886616125331348,0.07821460662662344,0.07763978415023273,0.07798669922637017,0.0886616125331348,0.07810189613255829,0.07810189613255829,0.07787024562665999,0.0886616125331348,0.07810189613255829,1123.4959996867342,2.3484765819942894,0.0
7,0.25636624205923,0.23205922399694426,0.25587383206886577,0.2557007018749599,0.08131203675941975,0.09210467406713278,0.08154244383077018,0.08166148042622436,0.07063465150272061,0.09245413174740186,0.10324678306857932,0.07098281060194837,0.07075109109063402,0.07040163341036494,0.09245413174740184,0.09245413174740186,53.9581245547862,2.029236294510776,0.0
5,0.2435053081844498,0.269654957990808,0.2564970632539659,0.2303426705707763,0.0887305060549261,0.0887305060549261,0.07770109429022024,0.0887305060549261,0.0887305060549261,0.07770109429022024,0.0781695328112528,0.07793785473374862,0.0673768814900753,0.0887305060549261,0.0887305060549261,0.0887305060549261,9407377.113115238,2.4062917952791034,0.0
5,0.24026084148549273,0.2800971636803379,0.21270740550110592,0.2669345893330634,0.08077233408349463,0.08077107724039785,0.08065586662319417,0.08053551649890331,0.09133205048407118,0.09133205048407118,0.09133205048407118,0.08077107724039785,0.09133205048407118,0.08077107724039785,0.06985933263802628,0.08053551649890331,3088.3278277513828,3.445275337543879,0.0
6,0.2854490045047744,0.20798013245182803,0.23397227077836086,0.27259859226503674,0.08747058998833447,0.056902875417344546,0.10825931473276823,0.08758336831088964,0.08758213741925423,0.0775825528795028,0.09792504630006812,0.08781141256334482,0.07702980462369476,0.0775813219878674,0.08736407305639485,0.06690750272053625,9708.346422849048,2.223432783896376,0.0
8,0.26606880971546093,0.2290639084111515,0.23944661335192227,0.2654206685214653,0.08316562748108808,0.09361261982293015,0.08338865553635165,0.08350387986620288,0.06203882922198956,0.09395088577271424,0.10439789167922557,0.07316720508555923,0.07294290662252956,0.06192972736598078,0.09395088577271422,0.09395088577271424,656.5203301701976,2.003795171756044,0.0
8,0.2405987955930593,0.24007419770348867,0.26624479116897826,0.25308221553447396,0.09215416683448714,0.10259992946095672,0.09215416683448714,0.08193141928415432,0.08136893610811467,0.08170840420801755,0.09215416683448714,0.08182112826513774,0.08182112826513774,0.06001171662096092,0.07045370901892141,0.08182112826513774,54.74355290659941,2.328391735648893,0.0
6,0.23359076465570702,0.2727296734558413,0.25974490891290497,0.23393465297554678,0.07878081230529423,0.08957217921176905,0.07866049129513739,0.08957217921176905,0.08957217921176905,0.07866049129513739,0.07912392987723772,0.07889472464555523,0.06844647531102388,0.08957217921176905,0.08957217921176905,0.08957217921176905,738.0238159809297,2.4062917952791034,0.0
6,0.24376164012394333,0.2825565349206892,0.2169285242284835,0.25675330072688396,0.08261815258422867,0.071707818395096,0.08250294196702497,0.08238389058508257,0.09306391521069828,0.09306391521069828,0.09306391521069828,0.08261690930418689,0.08215482430160737,0.08261690930418689,0.07182291734140928,0.08238389058508257,1094.0123526512505,2.8264216269340796,0.0
7,0.26570281988096506,0.21421409820568152,0.22704396813122155,0.29303911378213193,0.07856744109594,0.05953840444886919,0.10925010261267946,0.08923632398089545,0.0892351325097914,0.07955579463064961,0.09924679942581127,0.0894570648888937,0.06811165777951944,0.07955460315954554,0.08902405187547853,0.06922262359192642,2187.1377164547976,2.2185675409539574,0.0
9,0.2525679043244681,0.22938324294960122,0.2527872280885198,0.265261624637411,0.08682415806239259,0.09715964308493956,0.08704480559896176,0.08715880006707681,0.06592285940758914,0.09749429850950883,0.0860077338660575,0.0769324551170197,0.07671055073254546,0.06581492206430285,0.08646488674480297,0.08646488674480296,29.16226655117789,1.9934552002922332,0.0
9,0.2505909167036769,0.23691532668107423,0.27589946496938644,0.23659429164586238,0.08387715980193707,0.10511928928037736,0.08387715980193707,0.08467382058030305,0.08411740736659477,0.07354412123258765,0.09478625071102796,0.08456471975213918,0.08456471975213918,0.062990661471029,0.0733199704977885,0.08456471975213918,95.34082121171775,2.328391735648893,0.0
7,0.23397530275389142,0.285417633145417,0.22065314890968762,0.2599539151910039,0.07342689099109043,0.0625152582274801,0.08434107842594508,0.084222012874218,0.09490330866230766,0.09490330866230766,0.09490330866230766,0.0844550593277763,0.08399291932671733,0.0844550593277763,0.07365978263785543,0.084222012874218,510.76530631073683,2.8264216269340796,0.0
8,0.27858178009529583,0.20194788245734505,0.2276002402016599,0.29187009724569923,0.08038562291412181,0.06135658626705098,0.11106828443086125,0.09105450579907727,0.09105331432797321,0.05955579463064961,0.10106498124399306,0.09127524670707551,0.05902074868861033,0.08137278497772736,0.09084223369366035,0.08194989631919915,163.43151662388172,2.2185675409539574,0.0
7,0.22744079833593345,0.27871440671556574,0.2529112037110614,0.24093359123743943,0.07150808503256695,0.09320854284813268,0.08229685493150102,0.08229945193904177,0.09320854284813268,0.08229685493150102,0.08276029351360135,0.07162199737282796,0.07208283894738751,0.08229945193904177,0.09320854284813268,0.09320854284813268,3983.7903748995536,2.2979942241988778,0.0
10,0.2590797198450715,0.22334327243620264,0.24613541516584547,0.2714415925528804,0.07957070952774885,0.1008178140404196,0.09070177266191415,0.0908157806979277,0.06957731248519819,0.10115250929649043,0.08966457749421308,0.06967912767436275,0.06933687602267466,0.058439950530241216,0.09012178478440465,0.09012178478440463,1068.2796049004853,1.9934552002922332,0.0
9,0.2700034123772581,0.20008051363421092,0.23457048767684222,0.2953455863116887,0.06325261913512706,0.06612938961995725,0.1153046306093379,0.09550682800595449,0.09550564939245228,0.06434803098682639,0.09450018582834503,0.09572518681782324,0.05290966801276854,0.08592958618627382,0.08438775569762022,0.0865004697075139,242.9828548897283,2.2159006576081404,0.0
10,0.24736498802750875,0.23404902191367674,0.28467236656208983,0.23391362349672457,0.07760396179442636,0.08771147263416881,0.08839789768318074,0.08918614900846773,0.08863560922412897,0.06726484248751131,0.099191833571935,0.08907819983521174,0.08907819983521174,0.0677318746567777,0.07795214876935863,0.07816781049962139,658.0006572191566,2.3086950412674017,0.0
8,0.2376404220897921,0.274753148622398,0.22466654477441012,0.26293988451339984,0.06524507280927226,0.06524253095475284,0.07615926024412692,0.08694928560149075,0.0976305813895804,0.0976305813895804,0.0867214904804895,0.08718233205504905,0.08672019205399008,0.08718233205504905,0.07638705536512817,0.08694928560149075,668.5864020263576,2.625313748534499,0.0
11,0.25229358318044337,0.2303606855181824,0.2528529316329615,0.2644927996684127,0.08318562711278085,0.1046670746899296,0.09443945932563179,0.08364563389412812,0.07308200877931971,0.10500546143779534,0.0823614127406399,0.07318494693012947,0.061929829534956835,0.06182180827338892,0.0938530745230027,0.0828236627582968,125.16564645147585,1.9908793196630052,0.0
8,0.23139382744836134,0.2678560794511074,0.24323121096735126,0.25751888213317986,0.07958780094807313,0.10153282501601853,0.09049816132424021,0.07946875018459425,0.09062373410692762,0.07970679441776539,0.07993478548814281,0.07970299709139463,0.06913830788285734,0.06855967375263022,0.0797133447713373,0.10153282501601853,6861.196195780635,2.220910783282722,0.0
10,0.27302968326703103,0.2040268226653397,0.23806298126004163,0.2848805128075875,0.06437840839887489,0.06722413459789756,0.11586870751904745,0.0962845502674991,0.09628338437284764,0.05455290835027788,0.09528877113497176,0.09650055268931172,0.05414707185697344,0.08681065997824669,0.08528546794810374,0.0873753828859482,172.95868137900203,2.223432783896376,0.0
11,0.24984359841659337,0.23840847099284698,0.26082998582290223,0.25091794476765755,0.07586268839950229,0.08600660289071613,0.09711103663620237,0.08730375898511987,0.0761003335227558,0.06596033289450841,0.09653860620172167,0.09776260023269924,0.07640900308986182,0.07731802518067515,0.08710655596526277,0.07652045600097461,41.287777351535205,2.301827478548592,0.0
9,0.24109252179913693,0.2778923615791209,0.22828935339579942,0.2527257632259428,0.06565087678688947,0.0656483892004881,0.065539397042482,0.08689170870004413,0.10801987412986395,0.09734496082309929,0.08666877696222229,0.07632712833427874,0.08666750625688552,0.08711977965545624,0.07655498010148135,0.09756662200680877,530.3465760174413,2.625313748534499,0.0
11,0.2724276261040599,0.20522868377640854,0.2383750466737767,0.2839686434457549,0.0661965902170567,0.06904231641607937,0.10677779842813834,0.0981027320856809,0.08719247528193855,0.05637109016845968,0.09710695295315357,0.09831873450749352,0.055965253675155244,0.0886288417964285,0.08710364976628555,0.08919356470413002,49.38569910380851,2.223432783896376,0.0
12,0.2657196164303732,0.23026300198135652,0.26609895159748037,0.23791842999078994,0.08581506870552244,0.09583034611813511,0.09647591331240458,0.08625083678179207,0.07624383083889817,0.10648517100376556,0.085034283886808,0.0655499780599798,0.06567928289615518,0.06557695349741938,0.09592042633317564,0.07513790856594418,10.685349925288243,1.9908793196630052,0.0
12,0.2498414277385252,0.2519462237445501,0.2609802938453181,0.2372320546716066,0.06623771815915792,0.08683879384620889,0.09770485670530515,0.08810810482440985,0.07714517523236904,0.06722284269897001,0.09714471422293361,0.09834243365506289,0.07744721881205424,0.07833672757994617,0.0879151350198359,0.07755627924374651,27.210659627543997,2.301827478548592,0.0
9,0.24486500682081586,0.2673892740499446,0.23025027037592635,0.25749544875331326,0.06376278822676308,0.10612685182302378,0.09556084971086022,0.08499987706569943,0.0956810891965542,0.08522781114151079,0.07453702812094729,0.0743150841851805,0.07510818682224756,0.06387921499472299,0.08523408329004287,0.09556713542244724,94618.33963734271,2.220910783282722,0.0
12,0.28242762610405997,0.21522868377640852,0.22170838000711002,0.2806353101124216,0.06745402845563006,0.07023866749865434,0.1071641090798608,0.098675264142379,0.08799920996838417,0.05783944534431141,0.097700860683741,0.08821171648891359,0.057442320650893,0.08940474303678518,0.08791229120614028,0.08995734344430714,11789.035393159706,2.223432783896376,0.0
10,0.24132538696678413,0.2771631810738496,0.2288569274327167,0.25265450452664967,0.0674690586050713,0.06746657101866993,0.06735757886066383,0.07780079960913505,0.10983805594804577,0.09916314264128111,0.08848695878040412,0.06723621924336966,0.08848568807506735,0.08893796147363807,0.07837316191966318,0.09938480382499058,785.209756921842,2.6227165415366294,0.0
13,0.2622233056878683,0.2403911203763386,0.27575554433961885,0.22163002959617423,0.08945143234188609,0.08855761884540782,0.10011227694876819,0.07897810950906481,0.07988019447526182,0.09921244373103826,0.08867064752317165,0.06918634169634344,0.06931564653251883,0.05830422622469207,0.09955678996953925,0.07877427220230783,71.95411564660294,1.9893330815436707,0.0
13,0.25980345642670344,0.23518218368606886,0.27065305176905324,0.23436130811817452,0.06857285284002658,0.08851653200952805,0.08835966640122488,0.07883494894115013,0.07913224438480722,0.0695265412814687,0.10928494927308771,0.08909210838658628,0.07942464951645944,0.09107714026689187,0.07864813695471375,0.07953022974405527,11.941313435134212,2.286785162328934,0.0
13,0.2843678350585233,0.21978673314297892,0.2260140026231491,0.26983142917534864,0.07035266058805788,0.07310724956946679,0.10963421516238682,0.10123697646523755,0.09067613150894774,0.04993274106165531,0.08936399724274577,0.0908863447936441,0.06044899279560211,0.08115740604521754,0.09059015071895826,0.09261313404808016,115.30342469398056,2.223432783896376,0.0
14,0.2585445990420837,0.2503753808945355,0.27155198049247753,0.21952803957090328,0.08390737443663497,0.09404286632100907,0.0945694879231386,0.08446221680819511,0.08536440914273606,0.08288077755159735,0.09415590845172069,0.07466928355548333,0.07479860378183444,0.05287678195892367,0.09401393482850007,0.08425835524022673,21.264970296182145,1.9801307652717803,0.0
11,0.24155216441969538,0.276453063286081,0.22940966357497078,0.2525851087192529,0.06928724042325311,0.06928475283685175,0.06917576067884565,0.07961898142731687,0.10074714685713666,0.10098132445946291,0.09030514059858594,0.06905440106155147,0.09030386989324916,0.09075614329181989,0.08019134373784499,0.09029389473408149,309.7947928168452,2.6221657857291767,0.0
10,0.2513006446372819,0.2612870708298524,0.20944139959786684,0.27797088493499894,0.06738733680238254,0.09884605333680932,0.09918918296899869,0.08862695333121985,0.09930943676588833,0.07794452520070823,0.06725246973718048,0.06714952181422286,0.07873408575476713,0.06750377742773919,0.08886118743135701,0.09919546942872635,1836.4826502113683,2.203970876962018,0.0
14,0.28724896003582345,0.22351760946127303,0.21632960785179184,0.2729038226511116,0.0713920203658846,0.07411688356691859,0.11024967327214523,0.10194305225877813,0.09149617325525405,0.051192459683292106,0.09019819871134924,0.09170411805126664,0.06159522668629704,0.08208016785048498,0.09141112031551626,0.08262090598281312,58.293495716786055,2.223432783896376,0.0
14,0.2564727091930188,0.24533329530423456,0.2670041081054254,0.2311898873973213,0.06993514804722059,0.08924011101517257,0.07841335587754508,0.07986859029335891,0.08015636455414413,0.07085829366586646,0.10934339901777514,0.08979725398512815,0.08043940512004019,0.09171871324115674,0.07968776114696755,0.08054160403562455,26.713727526115747,2.2658111434228223,0.0
15,0.26619087379518025,0.23108493742590608,0.22417695571620014,0.27854723306271356,0.06433397289263233,0.06702975191507686,0.11356952495333249,0.10535156573000909,0.0950161928360489,0.05514266614572601,0.08294070548426224,0.09522191810647881,0.06543439787429031,0.07479159946952507,0.09493204771982604,0.08623565687279186,478654.0678521793,2.223432783896376,0.0
15,0.2547703483349707,0.24702267720135604,0.26710652444961813,0.23110045001405505,0.08026657740860794,0.10154839086312625,0.09092853259056127,0.08070732457168509,0.09277210346633433,0.09026047447700716,0.07959857421119221,0.08195641422913838,0.08208719225216267,0.05991825085774114,0.07945500015251421,0.0805011649199292,387.8492414561954,1.9801307652717803,0.0
15,0.2434058730166315,0.25852720211559094,0.26664671769846804,0.23142020716930953,0.07230275369802826,0.07999643402018791,0.0804208771265941,0.08181430517666129,0.0820898571583269,0.07318669169821528,0.1100372669212806,0.09132128105453595,0.08236087649345299,0.09316113255565249,0.08164115616223908,0.07166736793482523,9.229878820318016,2.2384160090220475,0.0
12,0.24495279383522567,0.27939447034810627,0.23297006273845797,0.24268267307821004,0.07034790787453914,0.07034544713259534,0.07023763114895622,0.06965906436155446,0.10146831891525128,0.10169996942114953,0.09113899617747628,0.0701175811678199,0.09113773918478703,0.09158513193517173,0.08113434100947714,0.09112787167122188,85.71157136192012,2.625313748534499,0.0
11,0.2678200166338031,0.23802533239361998,0.22650420610139663,0.2676504448711803,0.07567020513187238,0.09588515941162476,0.09646144161953529,0.09668561888398879,0.10725533933891718,0.07532330182825583,0.053713385873540236,0.06475998718267952,0.07610452787832928,0.07578541662432578,0.07521304119999832,0.10714257502693281,1735.6580473783324,2.2001169108458156,0.0
16,0.24624099387682258,0.2379127671966178,0.23109567998309222,0.28475055894346735,0.055345588544574664,0.0690420055868645,0.115085030358989,0.10695478658266545,0.09672972962343647,0.0572817981596238,0.0737537197776277,0.0969332590586761,0.06746367976306077,0.07672100606099978,0.09664648264095725,0.08804291384252463,385186810.035434,2.223432783896376,0.0
16,0.2646456387438038,0.24376717900351344,0.2766593144094707,0.2149278678432119,0.0735398244555783,0.09369785605360839,0.0939718158192426,0.08429033662317341,0.0957180373076727,0.09333903437929983,0.07290709503193829,0.0854734683538188,0.08559734066977932,0.06459902574334388,0.0727711023723995,0.08409506319014502,19170.746298913753,1.9714618688669212,0.0
16,0.24673920634996482,0.2618605354489243,0.25664671769846803,0.23475354050264285,0.07321184460711917,0.08090552492927883,0.08132996803568501,0.0827233960857522,0.08299894806741781,0.07409578260730619,0.1109463578303715,0.09223037196362686,0.07236087649345299,0.0940702234647434,0.08255024707132999,0.07257645884391614,24.596711653646604,2.2384160090220475,0.0
13,0.24183912719121842,0.2752049680935074,0.24332755128759684,0.2396283534276774,0.07333441458320462,0.07333200666423692,0.07322650508871406,0.07266035797809275,0.10378678616016561,0.09310437308230182,0.08300428225192805,0.0731090321341124,0.09367796554896074,0.08320666353210941,0.08388930312196667,0.09366830985420681,226.9202166704055,2.625313748534499,0.0
17,0.25638856761357537,0.23504765281907805,0.22849497103087602,0.2800688085364707,0.060787425305031687,0.07448547252814812,0.09883222121085962,0.10149237665964735,0.10217649202489158,0.06272386537245249,0.0791977475185796,0.102380045684699,0.061997867939079965,0.08216538697557302,0.09118284579856395,0.08257825298247388,92.7993454742487,2.223432783896376,0.0
17,0.2577475468463586,0.22397621042356092,0.2829406976146955,0.23533554511538501,0.0697614417044746,0.09026968571021643,0.09030340831244324,0.08063314188198228,0.09206931454739985,0.08990681912307535,0.06900122985318985,0.0928616773200564,0.10401901255974658,0.07175192199902772,0.06910702962798516,0.08031531736040261,63.07666887485133,1.9637268306858713,0.0
17,0.25011242682718743,0.264644680785544,0.2596339754998934,0.2256089168873752,0.07603853169932487,0.08364918669426698,0.0731599585702901,0.08544744053610215,0.0857200189352318,0.0769129308002293,0.10257447103887302,0.09485182314910764,0.07519674669479898,0.0857627292285313,0.08527616003622407,0.07541000261701972,15.270134987911238,2.230229402723943,0.0
12,0.2779132752901511,0.22126644642854057,0.2365901184187451,0.2642301598625633,0.0682108909875083,0.09968196140399373,0.10026466901268917,0.10049134579691128,0.11117891596015136,0.07889084431192919,0.04612959392730752,0.057299362045604055,0.07968078083476483,0.0793581115710331,0.06774862979348319,0.11106489435462437,25673353.711796142,2.192984922969474,0.0
18,0.25305523428024196,0.23171431948574464,0.2251616376975426,0.2900688085364707,0.062160978193326166,0.07556497929637701,0.09938909384958407,0.10199214565609735,0.10266157560921307,0.06405585009564359,0.08017609927142205,0.10286075972912062,0.06334543712660992,0.08308003454825978,0.08122900876658039,0.083484037857766,393.21193616520594,2.223432783896376,0.0
14,0.22220966499133393,0.2814522711449087,0.24999429403381263,0.24634376982994477,0.06434159715964488,0.07524830613450514,0.07514394306519297,0.07458390545576542,0.10537443693083742,0.09480730169194343,0.08481620464750896,0.075027737804346,0.09537470431183985,0.07422503505056606,0.0856916749326191,0.09536515281523074,69.7892466483347,2.625215967110837,0.0
18,0.2509660580004791,0.23123548885604744,0.2886584875489374,0.22913996559453612,0.07262536336037792,0.08200320447135537,0.09294565406969942,0.08337974303237293,0.09469250376255217,0.08176197771331031,0.07187335523410704,0.09547631585780594,0.10651324819922608,0.07459436365175241,0.06106892237562299,0.0830653482718175,653562.9299746673,1.9692872379360835,0.0
19,0.2594677446029019,0.2256999735296595,0.21931859626881525,0.2955136855986233,0.06443365171971763,0.07754991877911181,0.08995352730439644,0.10340979218051245,0.10406485196267144,0.0662878477708117,0.08206205516067566,0.09335066943135617,0.06559268472563844,0.08490365374913969,0.08309236260557175,0.08529898461039696,82.61379087074513,2.223432783896376,0.0
18,0.25023962601080624,0.2640303145799954,0.2592148091938608,0.22651525021533755,0.08149265341862959,0.08902388743557169,0.07864411963486861,0.09080337560232296,0.09107310951000541,0.0823579277291182,0.10775167700573636,0.10010961879564542,0.08065965286016909,0.05872962677491932,0.06927891699085414,0.07007543424215923,1544.8300685390002,2.230229402723943,0.0
15,0.21887633165800058,0.2781189378115754,0.2599942940338127,0.24301043649661141,0.06565836999917612,0.07633095250297778,0.07622882972055538,0.07568081403538175,0.10581038733389528,0.09547008918109058,0.08569346382544961,0.0652060280453091,0.09602531177735459,0.07532964724286065,0.08655014102010122,0.09601596531584815,1978679.1435044566,2.625313748534499,0.0
13,0.2810374289177387,0.21156290779518672,0.2263541182361671,0.2810455450509076,0.0767223754645549,0.09641932612375972,0.10742573370233968,0.09719461130069884,0.08653668768448373,0.07661811588213496,0.0555713593983149,0.055361456325978615,0.0666998316457671,0.08739996569004095,0.07627958924982449,0.11777094753210214,3127.2336221758596,2.192984922969474,0.0
20,0.2661344112695686,0.21903330686299283,0.21265192960214857,0.30218035226529,0.06697252555218777,0.08023345732179586,0.09277387035287407,0.09546945900603279,0.10704083462135063,0.06884717229502185,0.08479535991345048,0.08517906919446938,0.06814434201037976,0.08766829966281668,0.07480761927869468,0.08806799079092606,47.47297675372231,2.223432783896376,0.0
19,0.2696075946544263,0.20240219555942876,0.2928104139260205,0.2351797958601246,0.07658106285419586,0.08556061055531422,0.09603831506881842,0.06587320607493712,0.09771097298208738,0.08532962912205917,0.054855514808964494,0.0984614951987419,0.10902966960700591,0.07846643623925105,0.06551544424861999,0.08657764324000457,102467313888.95393,1.9643210211852253,0.0
19,0.22391955581181416,0.2770072316094454,0.27225424316056207,0.22681896941817845,0.08511944950665615,0.08166032030497199,0.07151028838962642,0.09432969627110104,0.07301378556826893,0.08597538632458553,0.11109510233562865,0.10353551237960344,0.0842954381628553,0.06260206703535999,0.07303751598997181,0.07382543773137074,7488.862414889837,2.230229402723943,0.0
21,0.2659221163844427,0.21944076335163765,0.21314335158106765,0.301493768682852,0.06788161646127869,0.08114254823088678,0.09368296126196499,0.0963785499151237,0.10794992553044154,0.06975626320411277,0.0857044508225414,0.0860881601035603,0.06905343291947068,0.0885773905719076,0.0757167101877856,0.07806799079092606,34.9924094470679,2.223432783896376,0.0
16,0.21757791472294116,0.2730754659616441,0.26921942120912434,0.24012719810629032,0.07053245113814896,0.08097717600390414,0.07008458220258677,0.08034091787085477,0.10982723042111904,0.09970769569768628,0.09013979946274395,0.059297115279119746,0.08945969748900906,0.06920459710242154,0.08018681985322519,0.10024191747918049,230339.08208582163,2.625313748534499,0.0
20,0.2777539673420834,0.204419530601434,0.28718892711747057,0.23063757493901202,0.08040705220587473,0.07855946009247493,0.09903792068896032,0.059479063634959424,0.10063953787804555,0.08878405147351166,0.05960422640658363,0.10135818409580982,0.11147750954499669,0.08221235046644182,0.04846158327603035,0.08997906023631122,6396.733146362067,1.9672868370318142,0.0
20,0.22442019677843766,0.27612921226960124,0.2850131700596828,0.21443742089227835,0.0906151811010238,0.07612450391033022,0.07700278020037336,0.09982762044782947,0.07850663530008767,0.08044059717035132,0.10568662833298094,0.10903562808393502,0.07876024908180038,0.06809243816362069,0.06749964685894576,0.06840809134872135,21.791388826055538,2.230229402723943,0.0
22,0.246115865303986,0.22681918753225325,0.22068640685194574,0.306378540311815,0.06207034434487005,0.08569947626513734,0.08704834795319685,0.0897731012993075,0.10085875776337803,0.07467653654314914,0.09011580495945226,0.07969461845454216,0.0739961341253122,0.09289706694329528,0.08044678097868183,0.0827230303696775,131.0934293968499,2.223432783896376,0.0
14,0.25794570015579965,0.22580053129599878,0.24460643095472942,0.2716473375934722,0.07503166612564828,0.1053146340878489,0.07279877791690247,0.09517134611433527,0.09553631556303119,0.07492850709454227,0.06489785346931017,0.06469016610795886,0.07590885493403182,0.08571429705138517,0.08538748979643204,0.10462009173857345,2562.348086949487,2.1900628770102255,0.0
17,0.19960169902282568,0.2788820049220495,0.2750842758886071,0.2464320201665177,0.07246785822438762,0.08280109997304604,0.07202476967563591,0.07137898170201087,0.11134321961589577,0.10133169705066127,0.09186592498940847,0.06135244417079533,0.08040043085057248,0.07115417720986036,0.08201917979061199,0.10186021674711375,50.567212936567486,2.625313748534499,0.0
21,0.28027459596593135,0.20885731641846716,0.27647813625965584,0.23438995135594573,0.07134772168828353,0.08042915852836385,0.10068662854287276,0.06155466562974238,0.09136187118413595,0.09054341259233904,0.06167847772397496,0.10298185313597928,0.11299197723139795,0.08404262922203613,0.05065607894375138,0.09172552557712277,57332.572133558366,1.9635726250358192,0.0
23,0.25278253197065265,0.20681918753225323,0.2273530735186124,0.3130452069784817,0.06252678162466742,0.08564868397793866,0.08696860040837058,0.08963486343564167,0.10048255209170673,0.0748623657687963,0.08997021052298765,0.07977272812774637,0.07419656905991841,0.09269176915773905,0.08050874452037697,0.08273613130411031,202.62318235079718,2.223432783896376,0.0
21,0.22799789089031816,0.2528905990918573,0.2878065600409166,0.23130494997690793,0.09211427970044052,0.06732995615352788,0.07908002141352477,0.10093545054129292,0.08052000514151172,0.08237182824884165,0.09575424914768446,0.10975237789399506,0.08076284749974752,0.07054811727850566,0.06998050286340261,0.07085036411752527,683.4569903128938,2.230229402723943,0.0
24,0.2551651365974637,0.20068956581504205,0.23047899380418177,0.31366630378331256,0.06456949457639599,0.0874418799977974,0.08874755272574264,0.09138504313041729,0.10211567039810751,0.07677196090601988,0.08080768045521178,0.07072024283401987,0.07611334905371261,0.09440896066126901,0.08235740751279932,0.08456075774850677,61.038033468774074,2.223432783896376,0.0
18,0.20476852214074245,0.28096033912216084,0.2644966442140485,0.24977449452304837,0.07694360666068602,0.08739081798745464,0.07649563110588191,0.06481330870607718,0.11624774042048285,0.10612579665048473,0.08552621092679166,0.06570559612856146,0.08496367089671851,0.06458602475261618,0.06454145015594963,0.10666014560829515,854.5120621355678,2.625313748534499,0.0
22,0.2970854719434991,0.19989635547987022,0.2664087954204464,0.23660937715618427,0.05700320330042555,0.08785471428484609,0.10746808666229607,0.058549621977025665,0.09843981520118657,0.07558724368322516,0.06970022190826687,0.0987812423912225,0.10835145536567842,0.08044420173915579,0.05902828648817547,0.09879190699849578,51.5447641265401,1.9631394262952184,0.0
15,0.258080470017136,0.22575177605618646,0.24456101958043253,0.2716067343462449,0.06621502906508832,0.1066441126528702,0.07482246392267497,0.09671738197829023,0.09707455939759595,0.06611407245998019,0.06709022273261389,0.06688696945753858,0.0778661413778414,0.08746223914202947,0.0871424091607759,0.10596439865270078,3790.610801299579,2.1900628770102255,0.0
22,0.23806538757616083,0.24965250311605647,0.2839373608343512,0.22834474847343156,0.0984086760730991,0.07388007018801554,0.08550890158786945,0.0961094207958481,0.07601971361387341,0.08876674448846254,0.08007258666816534,0.11586478934297276,0.07626005039313209,0.07706502723394265,0.0655941783952314,0.06644984121938777,12402.188426866427,2.230229402723943,0.0
25,0.26167612164223397,0.2079173346858967,0.2241569017804425,0.3062496418914269,0.06659016386317786,0.08921572498147061,0.09050730771594881,0.09311633599395432,0.10373116512566219,0.07866094890147486,0.0826531175202798,0.07267453713960435,0.06710035346222389,0.09610762132123561,0.07327702999549311,0.08636569397947448,45.98782277208904,2.223432783896376,0.0
23,0.2878017138462718,0.19906858123064536,0.2709985121588798,0.24213119276420317,0.06107220387781728,0.09029460706258381,0.10887229927727744,0.06253696422887048,0.08976104746466579,0.0677658268566262,0.06242384567852174,0.10064416206154173,0.10970902187488633,0.08327540513353446,0.06299035295729039,0.10065426352638421,7532544.657984925,1.9619991714082405,0.0
19,0.2153136470533374,0.2771806053641387,0.26093064913950015,0.24657509844302375,0.07973983327291541,0.07916521400001647,0.07929669198668832,0.06774043781421961,0.11861982170436906,0.10860710754339971,0.08822981950737242,0.057714005326650886,0.07676425914407246,0.06751560656529236,0.06747151298945314,0.1091356901455503,81.2476220905318,2.625313748534499,0.0
23,0.24484253430713487,0.24294588765586314,0.2901213489072334,0.22209022912976867,0.10042956292291204,0.07693993462158266,0.08807619440092504,0.098227699022227,0.07898894747646117,0.09119604226988173,0.08287014977730962,0.10647008991858603,0.07921910412043734,0.07998998391973801,0.06900501490908907,0.0485872766408502,129710.04208203373,2.230229402723943,0.0
26,0.2613708767724318,0.20901748746678822,0.2248325090919302,0.30477912666884976,0.04659016386317786,0.09103390679965245,0.09232548953413065,0.09493451781213615,0.10554934694384402,0.0804791307196567,0.08447129933846165,0.0744927189577862,0.06891853528040573,0.09792580313941744,0.07509521181367496,0.08818387579765632,63.98377190495406,2.223432783896376,0.0
16,0.26786083046107007,0.2490399016683349,0.2413612615824916,0.2417380062881035,0.07403284720549969,0.09182634551960649,0.0823676177448114,0.1035689536817007,0.0820913830712896,0.06290302214015679,0.07488031669170261,0.07468350202657355,0.07428281175380877,0.08357492656625065,0.08326522808471162,0.11252304551388806,119832.25050731137,2.192984922969474,0.0
24,0.28396811586117415,0.21184889661626757,0.28042285471967354,0.22376013280288484,0.06494420249457773,0.0938581375896503,0.11223972597290492,0.05548311168013933,0.08241852226451596,0.07156716841344705,0.06628157653086947,0.1040984439604401,0.10215592831317229,0.08691302949184887,0.06684210382856078,0.09319804945987321,36.88488540821995,1.966860777859825,0.0
27,0.25138940213422145,0.22535556162174478,0.2278707862418211,0.29538425000221263,0.04867599139330083,0.09169637916898658,0.09294659767918392,0.08456297831730174,0.10574694787627223,0.08147963031198838,0.0853439457521257,0.07568493935293244,0.07028927446312855,0.09836755565991148,0.07626813677465866,0.08893762325020967,126.3792144256087,2.223432783896376,0.0
24,0.2349077126245192,0.24637139317122397,0.3064479160511322,0.2122729781531246,0.10256068251666986,0.07982333297177865,0.09060294293313724,0.10042933550181224,0.07089763323881426,0.0936228745648071,0.07500391067643254,0.10840775561523473,0.08202950979598071,0.08277570140143932,0.06146762366436361,0.052378697119529784,13.693967550535673,2.230229402723943,0.0
20,0.2162204405600801,0.27647003205908594,0.2606448929033394,0.24666463447749457,0.07064892418200631,0.08098339581819829,0.08111487380487013,0.06955861963240142,0.12043800352255087,0.11042528936158151,0.09004800132555424,0.05953218714483269,0.07858244096225428,0.05842469747438326,0.06928969480763496,0.1109538719637321,49.11319082139272,2.625313748534499,0.0
25,0.27698607924896573,0.21897369183622892,0.2866453610172217,0.2173948678975837,0.05544686239910513,0.09453148976783426,0.11251849382408953,0.056980232917687175,0.08333744043080094,0.0727190247821921,0.06754689489605875,0.10455197485259927,0.10265115779053431,0.08773546730657149,0.06809538975771065,0.09388557127481642,18.06507921176189,1.968639392545664,0.0
28,0.268037787193859,0.21567983054777437,0.21816196010706024,0.2981204221513064,0.05241473742225005,0.09407233536578948,0.08471943447891124,0.07660138946011796,0.09711429816138556,0.08417923030141604,0.0879211328563538,0.07856810221400615,0.07334335994088889,0.10053218388036769,0.07913282524353009,0.09140097067498305,16319654459.388317,2.223432783896376,0.0
25,0.222143216212994,0.25962530354134383,0.3051465018099525,0.21308497843570962,0.09597111787408692,0.08438684769581735,0.09505140010084723,0.10477290940189644,0.07555641756940461,0.08713000719391031,0.06882749921905108,0.11266617081988331,0.07565908727173726,0.08730770364050718,0.06622706041760021,0.046443778795258295,804.6335798599076,2.230229402723943,0.0
21,0.21796352933022964,0.2751041286431532,0.2600955964179233,0.24683674560869398,0.07428528781836996,0.07371066854547102,0.08475123744123378,0.07319498326876507,0.11316527624982359,0.09224347117976334,0.09368436496191788,0.0631685507811963,0.08221880459861793,0.06206106111074688,0.0729260584439986,0.11459023560009574,5485.488071025683,2.625313748534499,0.0
17,0.2542951984317177,0.24905101196796053,0.2548087869803414,0.24184500261998038,0.07857830175095425,0.09637180006506103,0.08691307229026596,0.10811440822715525,0.08663683761674416,0.06744847668561135,0.035789407600793514,0.07922895657202811,0.07882826629926333,0.0772112902026143,0.08781068263016618,0.1170685000593426,2504.3663113411108,2.1906151518553783,0.0
29,0.28137112052719243,0.22901316388110768,0.2181619601070602,0.27145375548463974,0.0543042168457419,0.09462768869860183,0.08557432378385614,0.07771626724734554,0.0975722296040068,0.08505142018352017,0.08867348457990427,0.07961999406523736,0.07456257937046702,0.1008806541265264,0.0693752643704552,0.09204187712433747,38.19094335588298,2.223432783896376,0.0
26,0.2734292448728829,0.21600473975066445,0.2961193255652408,0.21444668981121193,0.046944761773877186,0.09609947848857006,0.11370036847555709,0.05935430744032755,0.08514572375132633,0.06396387908197636,0.06969414249175285,0.10590486103263294,0.10404484744225635,0.08944934134979624,0.07023086320900901,0.09546742546291825,23.05414366421804,1.9692872379360835,0.0
26,0.2224189158147183,0.25958746256216575,0.3178510498187759,0.20014257180434017,0.08925554206905392,0.08872299262534682,0.09893460272822482,0.10824322242678767,0.08026760640125125,0.09134964531367908,0.06337871442455183,0.09479576411916302,0.0698061991401286,0.0915197946795782,0.07133448346026494,0.052391432611969824,21.153694859651132,2.230229402723943,0.0
22,0.20906247446027376,0.2776940310972536,0.2630778618162775,0.25016563262619523,0.07620111041549023,0.06472360116090577,0.08655411813594904,0.07512257174231993,0.1146615306264605,0.09396550043125707,0.0953908449999351,0.054295247257396595,0.08404901370530386,0.06410879982341701,0.07485654898400777,0.11607111271755705,7705.368165897911,2.625313748534499,0.0
30,0.2709583426255188,0.23262263979495273,0.22191421501793218,0.27450480256159626,0.05551676126826984,0.09540508774142263,0.08644942100921023,0.0678847967374821,0.09831785302554626,0.0859321602534822,0.08951513762400604,0.08055934664726717,0.0755565083700663,0.10159057512516097,0.07042517158947907,0.09284718060860722,1051.5541885757611,2.223432783896376,0.0
27,0.2703674779117057,0.2121669659635112,0.29336418131612246,0.22410137480866066,0.049736733156528136,0.09629584499371178,0.11296732354366633,0.06149099527315214,0.08592050106062456,0.06585715941627474,0.07128483742530202,0.1055834562950893,0.10382166034627571,0.08999686700195726,0.06134745408713357,0.09569716740028447,59.71817516019664,1.970435242784418,0.0
18,0.2509175837799453,0.24585027423893635,0.2647669677746125,0.23846517420650595,0.0804477968595934,0.08714018809575197,0.08869262383193413,0.10966516837382097,0.0884193701081266,0.0694380778201355,0.038120653365729354,0.07018233931667268,0.08069506394874808,0.07909553723443699,0.08958054772931745,0.11852263331573293,4593.108548620579,2.187867856439954,0.0
31,0.2636566269509251,0.2396564546710426,0.22922797659439084,0.2674589417836413,0.05854421283077704,0.0980020897376728,0.07823397598196892,0.07077878029132877,0.10088342230290301,0.07772229717684227,0.09217570023303409,0.08331655448266292,0.06745861275979417,0.10412082725755785,0.07329174102621785,0.0954717859192403,367.8707510473724,2.223432783896376,0.0
27,0.22575224914805156,0.2762541292288325,0.29451771648544256,0.20347590513767344,0.09380305568875011,0.0932703794668419,0.09257403120006992,0.10188616532605772,0.08481298036174947,0.08498726811796067,0.06792006783190002,0.08843290872208469,0.06343739475158691,0.09606784732504223,0.07587773081022947,0.056930170397726985,49661.702961297575,2.230229402723943,0.0
23,0.2166250725136841,0.27047765320672634,0.2562435894592384,0.2566536848203512,0.07899553924357686,0.06764188800253108,0.07832773295004773,0.07792863947695157,0.10613182803958243,0.09656822720881382,0.0979781903612831,0.0573260702922252,0.07596738602306877,0.06703372121184975,0.07766548746782984,0.11843528972224006,35.63532031456496,2.625313748534499,0.0
28,0.28567316158148987,0.21747422981189202,0.26820272311584625,0.22864988549077178,0.058856547723619076,0.08361422741622522,0.12210988536062958,0.07061503844440128,0.08402126622388272,0.07498277331818035,0.05859422212005062,0.1147233617605572,0.10192886546432123,0.0882220742717482,0.059439379079262354,0.08289235881712224,38.129104208924424,1.969801241818892,0.0
32,0.2565457975413702,0.23352162237845356,0.23635053699390263,0.2735820430862736,0.06150956305202764,0.08975026862539577,0.08098684674475345,0.07361210280617056,0.10339187458020982,0.08048068965335119,0.08398675382764166,0.07522321036954069,0.07032776442065973,0.10659434351017415,0.0760979452597479,0.09803863715032764,59.289987602106095,2.223432783896376,0.0
28,0.21834634786755955,0.2553966758538321,0.3135597655355848,0.21269721074302347,0.08465374311250973,0.09459063578567223,0.09392378329387627,0.1028414759803815,0.08649147343191495,0.08665837874361731,0.07031410737564255,0.0899580696200589,0.06602131042883508,0.09726960908247922,0.06748769541498935,0.05978971773002286,11309.053113822394,2.230229402723943,0.0
24,0.210397549629732,0.26354154373470795,0.26282810363302034,0.2632328030025396,0.08084091112224327,0.0696097812974678,0.08018031137145008,0.07978552466245209,0.10768436226937109,0.08743259885763956,0.09961871348688074,0.05940528536101411,0.06705406890771191,0.06900817745776504,0.07952521242321296,0.11985505278279139,44.344702670600554,2.625313748534499,0.0
19,0.2646300155046438,0.23209059661656167,0.2784889624275189,0.22479042545127564,0.05846147808593055,0.07614686243828099,0.07784053703097814,0.1208895414234348,0.08847840008219998,0.08018960922922996,0.037588456695938,0.07003222966956153,0.08090272958696644,0.08996058540275652,0.08965845061213883,0.12985111974258415,4545.683060824907,2.1890367978772276,0.0
33,0.2797982994351408,0.23040162564785802,0.24652951821681196,0.24327055670018924,0.06605198800310422,0.09309647964659822,0.08470425696633543,0.06661247913213597,0.09513084553044793,0.08421953957168107,0.08757709460927796,0.07918475550130918,0.07449666983320395,0.10922707671260651,0.06911204921747628,0.09058676527582321,83.49875639167973,2.223432783896376,0.0
29,0.2818265848940142,0.22785834082313902,0.27791935395204137,0.21239572033080548,0.06322746679145638,0.07711181766136281,0.1160414281564763,0.05281367551493471,0.07752344492232265,0.07953547955640916,0.06296218405269753,0.11972405435990129,0.10678532869860784,0.09292402405392955,0.06381686826869051,0.08753422796321135,7609222.625247246,1.959471490500203,0.0
29,0.2183407195510352,0.25539763543346483,0.28689965880826185,0.239361986207238,0.08729203413004451,0.0859126801337446,0.08516452588576805,0.09372876655909301,0.08903293065257864,0.08919104137952644,0.07370798334461809,0.09231686474521698,0.06964138271354123,0.09924314412913568,0.07103050085352952,0.06373814547320307,45.128360082914135,2.230229402723943,0.0
34,0.26901929264589114,0.23424731260431694,0.24995357917293987,0.2467798155768521,0.06803703849227936,0.0839983161971745,0.0864880239774901,0.06859148115588991,0.09680209539882438,0.07521717043961258,0.0893298597753649,0.08102808547791378,0.07639059066234205,0.1107462089782978,0.07106407746333086,0.0923070519814798,42.43447840075517,2.223432783896376,0.0
25,0.21573058420269822,0.2661322483051164,0.26545562305389003,0.2526815444382954,0.08536666475086577,0.07413419816973685,0.07379559703829522,0.07340076334082414,0.11221331087075492,0.09195913704494828,0.09335533518867929,0.05313712076291404,0.0715781815928842,0.07353252272568371,0.08405080945418032,0.11347635906023325,5408.420520245049,2.625313748534499,0.0
30,0.2718749182128076,0.2312327822066424,0.2811248872653331,0.21576741231521704,0.06776104256090917,0.08164704597998283,0.10967090063631159,0.05734601180965343,0.08205872223381916,0.07316190543606436,0.05658533891196397,0.12426435449044318,0.10041369949500151,0.08666976747328925,0.06835051419013884,0.09207069678242273,7411.140320481981,1.9494199989090764,0.0
20,0.2669655398124045,0.19896601757274515,0.2940293396504174,0.24003910296443287,0.06367476582380029,0.0807957956608151,0.07187445052236345,0.11343451673108147,0.0927338242459698,0.07414856198040629,0.04346781895248651,0.07487628562982612,0.08539989935069052,0.08349252800707774,0.09387621843598255,0.12222533465950026,2077.114959167964,2.1906151518553783,0.0
35,0.27876903879528736,0.23112125147355833,0.24662085663996255,0.24348885309119175,0.06009600547475211,0.08667956974595958,0.0891427033093784,0.07143718154430688,0.09934668615999516,0.07799215067946098,0.09195420640657452,0.07294839084594255,0.07915304625019859,0.1131419654458925,0.07388338627636235,0.08422470786117636,49.51768358625936,2.223432783896376,0.0
30,0.21938594427653038,0.24196763030584717,0.2858040017537754,0.252842423663847,0.08889345361851406,0.08757268321305213,0.08685630439217025,0.09505680669754184,0.09056041120308088,0.09071180668930044,0.06532662496697754,0.0937048708375757,0.061317543112642016,0.10033697895106965,0.07332257626819712,0.06633994004987849,94.9486404896919,2.230229402723943,0.0
31,0.24181048671962874,0.2544928908124461,0.27821658420571044,0.22548003826221472,0.06948261480211945,0.08263537061826502,0.10917943129561974,0.04882618073739005,0.0830253083907545,0.07459828620515452,0.05889704192473717,0.12300228076963965,0.10041105478885966,0.08739286831866327,0.07004095950115313,0.09250860264764384,30.26597105026763,1.9494199989090764,0.0
26,0.21774834049737263,0.2650473454048308,0.26440552118648963,0.25279879291130686,0.08976894063045228,0.06822129167925074,0.07856844789326276,0.06727716822935899,0.10508088284584881,0.08547536912240315,0.09750176593587541,0.05857157990912344,0.0764220473873979,0.06763888549093146,0.08849522691104275,0.11697839396505248,60.59558949818762,2.625313748534499,0.0
36,0.27876903879528736,0.23112125147355833,0.24662085663996255,0.24348885309119175,0.06009600547475211,0.08667956974595958,0.0891427033093784,0.07143718154430688,0.09934668615999516,0.07799215067946098,0.09195420640657452,0.07294839084594255,0.07915304625019859,0.1131419654458925,0.07388338627636235,0.08422470786117636,104343.49091508638,2.223432783896376,0.0
31,0.22956068099018787,0.26547971558861855,0.2689635211945805,0.23599608222661325,0.08939481389600178,0.08815728680034222,0.07726452774765924,0.09516971345755423,0.09095670926380052,0.09109856284833154,0.06731331593508849,0.09390298515157229,0.06355691179176422,0.10011709583867676,0.07480531178078029,0.06826276548842841,60.66054742447898,2.230229402723943,0.0
21,0.25025388124314407,0.2224271898138972,0.27732486407069673,0.249994064872262,0.047695508893972026,0.08621909785461167,0.06648388493429494,0.10771679400748496,0.09802970435294561,0.07964281427966635,0.04928954611695927,0.0803627704769163,0.09077405905032078,0.07821213297382441,0.09915990505132569,0.11641378200767813,2839.595925175743,2.1906151518553783,0.0
32,0.231541445143588,0.24476181909803996,0.28146926198081845,0.2422274737775537,0.0661112660565642,0.0790061605727743,0.11618041474973374,0.045672878766275155,0.09030237154574305,0.08196430396866601,0.05551841075389681,0.1188266274147079,0.10750459614567782,0.09462382804885584,0.06654469450859157,0.07774444746851365,1.4490975124135225e+19,1.946069500134237,0.0
37,0.27552913286335196,0.22769506392936797,0.25671093858459987,0.24006486462268023,0.05070273813503606,0.08750701907300598,0.08991727832114982,0.07259182824760893,0.09990221961660413,0.07900608657851868,0.09266842890504114,0.07407059750691483,0.08014206203963652,0.11340136557173051,0.07498552206342714,0.08510485394132632,83.09589101745775,2.223432783896376,0.0
27,0.2181727044381967,0.2648493540179252,0.2642159748550885,0.2527619666887897,0.09067803153954318,0.06913038258834166,0.07947753880235366,0.0681862591384499,0.10598997375493972,0.07547536912240316,0.09841085684496631,0.05948067081821434,0.07733113829648881,0.06854797640002237,0.08940431782013365,0.11788748487414338,1561.5259139921313,2.625313748534499,0.0
32,0.22723653645755978,0.2615892655687184,0.27792502272949304,0.2332491752442287,0.09288154529190622,0.09167058329965358,0.08101165126509079,0.09853247924126704,0.09440991257607603,0.09454872109181227,0.07127405495374999,0.08638385197096445,0.06759828683436048,0.09246456881678344,0.05702122130140614,0.07220312335692956,12.893129515448377,2.230229402723943,0.0
38,0.27754511494807266,0.23217937389556037,0.25969797487090446,0.2305775362854626,0.05581427518219366,0.0821185252033845,0.08443532305571234,0.0779474231102949,0.09453159391983372,0.08443319879840978,0.08733748344890666,0.05762058885406583,0.0855818400984505,0.11921197644836791,0.0803678060064142,0.09059996587396599,355554.80905606487,2.223432783896376,0.0
33,0.234531321291836,0.22108348174486808,0.2988389324824701,0.24554626448082573,0.07035343878372013,0.07225490181813927,0.11829606264822727,0.050783105757683904,0.09351710546480622,0.07508740765992243,0.06021048068113475,0.11038412337952644,0.09919735441666039,0.09765502210775141,0.07076845876688512,0.08149253851554271,32.51683054264523,1.9307203946321243,0.0
22,0.23998591587997306,0.2252842359821106,0.29464455808569856,0.24008529005221774,0.05333226298279343,0.06893112828886287,0.060961949953325135,0.11145220779478358,0.1020719835119171,0.08426754906333628,0.0548758046655992,0.08496469865571976,0.08413316539033107,0.08288218854694909,0.09225336651329111,0.11987369463309133,29804.07157286153,2.1906151518553783,0.0
28,0.21624473046302117,0.2744833470951724,0.24703120222632316,0.2622407202154833,0.09405955322892257,0.07320198921006793,0.08321776743420735,0.07228810225458543,0.09797202432568693,0.07934377122687486,0.10154472709729896,0.06386131907641497,0.08114010754367523,0.0617291442512727,0.082035264554303,0.10960622979669021,81.1779210961989,2.625313748534499,0.0
33,0.2341150030831182,0.26801572260070905,0.27097864085147344,0.22689063346469937,0.09561017087497654,0.09439906475108602,0.0837388640645407,0.1012617774122228,0.09713872006913311,0.09727754510619606,0.07400010876083318,0.08911170418279206,0.05941481223350232,0.08428275543471048,0.048835189366015885,0.07492928774399092,403.2718299212125,2.230229402723943,0.0
39,0.2868250123931629,0.21597858578529427,0.26944444401815054,0.22775195780339216,0.05845555317878687,0.08391738337787012,0.0861599834700244,0.07987986498628967,0.09593291119763925,0.08615792724417903,0.07840948288371698,0.060204017855120175,0.08726978216183415,0.10926316347831036,0.08222273270797373,0.09212719745825527,316948.95525995333,2.223432783896376,0.0
34,0.24804208432905003,0.22107834011644426,0.2853341029896684,0.24554547256483722,0.06954861483605172,0.07153607876708677,0.10838014922149246,0.0606186541783765,0.10528546153112267,0.08602221055855173,0.048040510187909904,0.100490245466857,0.11122262134267717,0.09808501608838302,0.07023387146022694,0.07053656636126412,1258.4987941893992,1.9307203946321243,0.0
29,0.22361956524489157,0.26735090502256664,0.2536011967664591,0.2554283329660827,0.09564748300519683,0.07523765330013651,0.0850384300223629,0.06343429318903272,0.08856687699198094,0.08124759410316204,0.10297197803386984,0.066097492608952,0.08300536976122874,0.06401108764606983,0.08388131108063153,0.11086043025737616,360.8884608928982,2.625313748534499,0.0
40,0.28349167905982964,0.21264525245196095,0.27944444401815066,0.22441862447005884,0.05989867748775863,0.08481393690504646,0.08700839671521633,0.08086308901462579,0.09657153603772643,0.08700638462889114,0.07942427054628745,0.06160960913140682,0.08809437215732739,0.10961563738762749,0.08315566408129361,0.08193842590679255,42.07846533530604,2.223432783896376,0.0
23,0.24054199953063252,0.22643011909344762,0.30503692707693564,0.2279909542989843,0.06131432552070672,0.0660614989672655,0.0470924358353581,0.12009643843782926,0.09933392308827721,0.09260206134689107,0.06287545297505104,0.07112264179728982,0.08143673485848126,0.08004717349304506,0.08940344130667473,0.12861387237313027,2701.671703800806,2.1906151518553783,0.0
34,0.22803789687370835,0.26070379264121457,0.27727115445340583,0.2339871560316713,0.09005849887028423,0.08875678217506221,0.06753152345590592,0.10626562852708399,0.0914379463650614,0.09157380751357765,0.07958599139673427,0.09437495708603613,0.06531208821920795,0.08964910548951963,0.054958338318939044,0.0804953325825876,18.108977550750822,2.230229402723943,0.0
35,0.23086424852229803,0.2301888450399124,0.3101025410388336,0.22884436539895595,0.06592520175707371,0.06789239370778084,0.11539006922178034,0.06811573778089428,0.11232694710953278,0.0932601798258829,0.05566588989862586,0.09678282286807678,0.10729186042775693,0.09440212664559282,0.06672378967162555,0.05622298108537717,124.69639162944408,1.9307203946321243,0.0
41,0.2625799636047657,0.2206361301715151,0.28483305424478184,0.23195085197893744,0.06377568704925489,0.0775146208981828,0.09059604719431072,0.06269685198286255,0.10005711311664925,0.09059405658424827,0.08309287117357957,0.06546835684347911,0.09167043133756679,0.11296198656951101,0.08678443719874283,0.07478754005161214,152.01151892328912,2.223432783896376,0.0
30,0.24404779336954893,0.23399968387902886,0.2732456253135965,0.24870689743782576,0.08607160369232601,0.077507847024943,0.08669091677128744,0.0664484093687749,0.08999697868215603,0.08313900332303766,0.10349417908983499,0.05838404070590161,0.08478599283457773,0.06698885058873094,0.08560672678840191,0.1108854511300278,66.81911409876679,2.625313748534499,0.0
35,0.22248650892895203,0.2795076781430248,0.26980180758180544,0.22820400534621774,0.09724179754557111,0.09595382161149592,0.05312926645632921,0.11327784673739182,0.08781403244127531,0.08794717488866034,0.08687983657137122,0.07957418908611137,0.06196267106940376,0.09683672567092286,0.05160305905782808,0.08777957886363916,52.01715345523201,2.230229402723943,0.0
24,0.2405391324134319,0.23976044687659603,0.27837649030484174,0.24132393040513045,0.06584507502877912,0.07039116869036055,0.05222559318719164,0.12213730743933224,0.08043476614966066,0.09580753145171807,0.06734007657127812,0.07523793268559872,0.08511514353923474,0.07333743501844095,0.09274439789354237,0.11938357234486285,1851.8791770482599,2.1931814111105976,0.0
42,0.2592466302714324,0.20396946350484838,0.2948330542447819,0.2419508519789374,0.06440204016292302,0.0777009709629277,0.09036345154479195,0.06335775586471383,0.09952151740193857,0.09036152468600062,0.08310057221389358,0.0660405005200491,0.09140342746511416,0.11201309942129725,0.0866739121580353,0.07506122759831492,5869.249648926355,2.223432783896376,0.0
36,0.2440613714417023,0.214843424440689,0.2860242850853278,0.25507091903228096,0.07240499427574884,0.0743514207904561,0.09976112948046295,0.06377847138228102,0.10752299262922974,0.09945142768197848,0.062253978449989984,0.10293688613798249,0.10254105570246722,0.08978866893049658,0.07319515239460948,0.05201382214429701,50.51202490319612,1.9274981164859615,0.0
31,0.24721212585424246,0.251015851036462,0.24945318664979604,0.2523188364594994,0.09045212973578859,0.08225209087977504,0.09104513949876601,0.07166236699707267,0.0833016962350318,0.07696916875656795,0.09622564679657787,0.06394050625847379,0.08922112103286728,0.061620138327074594,0.0790979060627134,0.11421208941929106,5859.31000940305,2.625313748534499,0.0
36,0.20305396241616117,0.2861774524539506,0.263020829048236,0.24774775608165234,0.0898196426675093,0.08854671253707579,0.05708834170019384,0.11659491835695199,0.09140289536480864,0.09153461669912051,0.09047867075493238,0.08325100103974645,0.054917072494984655,0.10032928371531598,0.05557842447307663,0.08045842019628383,43.47145666311753,2.230229402723943,0.0
43,0.2659132969380991,0.21063613017151503,0.2748330542447819,0.24861751864560405,0.06480842460691803,0.07782187683183334,0.09021254105733258,0.0637865572080765,0.09917401730657839,0.09021065556103199,0.08310556872930623,0.06641171331489977,0.09123019256313414,0.11139745152600285,0.08660220235690984,0.07523879893797637,73.0637430722299,2.223432783896376,0.0
25,0.2407864646512386,0.24002813602507833,0.27763465338724636,0.24155074593643672,0.07069462554485734,0.06404461149249618,0.045059638268975924,0.12952604130815634,0.07454124721974666,0.10200860361294313,0.07225706237756399,0.08051116843808687,0.09083391233060112,0.06737252834081338,0.08765488440871658,0.11549567665704251,3038370.6608476643,2.2057875839376697,0.0
37,0.22723361266397935,0.2259816482951952,0.2818004641866963,0.26498427485412923,0.07971652612292404,0.08164217720334765,0.09598802077136442,0.07118207953344997,0.08208173403101529,0.10647427593612169,0.058882491566491925,0.08833722925969263,0.1095309264137052,0.08612328697915184,0.08049825038725793,0.05954300179547742,12.94080105292461,1.926055667319128,0.0
32,0.2405382820930025,0.2576252915929999,0.2562586271763338,0.2455777991376639,0.09086454468073703,0.08318132416957727,0.09142017921543008,0.07325903170587401,0.0841647767526364,0.07823136523296594,0.09627417815710232,0.06602385150089081,0.08971112193704295,0.06384972784159992,0.08022593604179244,0.10279396276435075,122.20874252278853,2.625215967110837,0.0
44,0.2754972810382285,0.20833187307504125,0.2575171855021176,0.2586536603846127,0.06864316312223702,0.081517714587499,0.0937761254613291,0.05660279099208172,0.10264195023876539,0.09377426009011632,0.07595235899730077,0.07022933892154293,0.0947829149326163,0.0929128529716618,0.09020432217636933,0.07896220750848036,101.01760640319014,2.223432783896376,0.0
37,0.20544237864888917,0.26693274539952927,0.27102655950795446,0.2565983164436272,0.08136233951729199,0.09105256387797886,0.06093028539337254,0.11790951305315127,0.09378743959630599,0.09391356649382016,0.09290246843154434,0.0859817705643701,0.05885123381109285,0.08051652671172348,0.059484497007198205,0.08330779554215006,13.724263734263682,2.230229402723943,0.0
26,0.2476501379841673,0.24691163408490285,0.28353501707697276,0.22190321085395714,0.06454636692232467,0.05801104189326457,0.030248419842221215,0.12453363018821342,0.07971332804276061,0.10772032936678032,0.07738426633825811,0.08580053895133431,0.08508132571482241,0.07240376696743483,0.09308460589187922,0.12147237988070615,3125.978464084847,2.2057875839376697,0.0
45,0.2784951238315852,0.21221347123633455,0.2474182751665634,0.2618731297655169,0.06970097071444312,0.08243658817108716,0.09456271403548744,0.057790530657634794,0.1033328644448219,0.09456086879417983,0.06613992346855294,0.07127002950872055,0.09555863887219239,0.0937087574359964,0.09102945539029342,0.0799086585065903,171.30144219838465,2.223432783896376,0.0
33,0.25089666928546783,0.2542880445950657,0.26580581500942435,0.22900947111004222,0.08721154941809328,0.09047338745462648,0.08789371431373542,0.08044046394087634,0.08055741594952502,0.06352712388082637,0.09280183411526016,0.07312461330753359,0.0970759908147766,0.07092624871962272,0.07645432298501799,0.09951333510010608,49.62094626975038,2.625313748534499,0.0
38,0.2370647250103198,0.23578090177122824,0.27924751145296356,0.2479068617654885,0.08861323517770896,0.09047765910045628,0.0938076521140679,0.08035014611106218,0.04889103863776965,0.0935109711637833,0.0684416304517833,0.09695983821628158,0.11747966986548704,0.07357914593092109,0.07880787384362721,0.06908113938705153,48.12423773992025,1.9200989035717202,0.0
38,0.2046365079525945,0.25391190805488245,0.29780990165638693,0.2436416823361362,0.07364875927221495,0.09318103121473127,0.0649470958315519,0.10790481784283802,0.0957444596204455,0.09586267971711965,0.09491496663588836,0.08842812214010558,0.06299837843746832,0.08330549033561577,0.053142422340596955,0.08592177661142393,31.155285738449578,2.230229402723943,0.0
46,0.28063124263387973,0.20394693144460882,0.2507650414507716,0.26465678447073976,0.07256554493498707,0.08516372767087593,0.09715899606191937,0.060783634806849285,0.10583450456036173,0.08624807982419683,0.06904292625649858,0.07411767144011762,0.08735280660182534,0.09631425482141563,0.09366386610714111,0.0717539869138115,45.55642323185984,2.223432783896376,0.0
27,0.24424000471368304,0.2434915210319961,0.29412332811855346,0.21814514613576733,0.06565819487901642,0.059193394940197944,0.03173036952999319,0.12499811357728763,0.08066148375714549,0.09745716034483665,0.0783575558120441,0.08668300533936768,0.08597155339677497,0.07343080283730884,0.09388846724098583,0.12196989834504124,1936.5944177914162,2.2057875839376697,0.0
34,0.25087322796585115,0.2541759437062404,0.26539260897299377,0.22955821935491466,0.08902973123627511,0.09229156927280831,0.07880280522282634,0.07134955484996726,0.08237559776770685,0.0653453056990082,0.09462001593344199,0.07494279512571542,0.0988941726329584,0.07274443053780455,0.07827250480319982,0.10133151691828789,683.1469781744571,2.625313748534499,0.0
39,0.23701327740746386,0.22221548406261943,0.2793936491844299,0.26137758934548677,0.09696551126670001,0.08781891001115011,0.06900858656488965,0.08860929638937749,0.056795641740935696,0.09076738552109512,0.07656657061015792,0.09437676956176017,0.10409582427687836,0.08176198638420903,0.0760202308000455,0.07721328687280106,31.85867720294331,1.9200989035717202,0.0
47,0.27983046049438604,0.20515088112464067,0.25074504123278923,0.2642736171481841,0.0743837267531689,0.08698190948905776,0.0989771778801012,0.0626018166250311,0.10765268637854356,0.07715717073328775,0.0708611080746804,0.07593585325829945,0.07826189751091626,0.09813243663959746,0.09548204792532294,0.07357216873199333,54.14141929670384,2.223432783896376,0.0
39,0.20436386501197407,0.25870670672678336,0.28828583871751295,0.2486435895437296,0.07673893187358642,0.0849958712382748,0.06840684338756522,0.10954007537207687,0.0869870980472905,0.08721802113109742,0.09710192599815588,0.09089058920002717,0.06654089144947054,0.08598552458021429,0.057103535147028255,0.08849069257521268,666.1560813391415,2.230229402723943,0.0
28,0.23148019934708283,0.2567304031094488,0.27941796146034137,0.23237143608312713,0.07067757979990788,0.06433387349138014,0.03479524411510894,0.11799689814651662,0.074608471773148,0.09117616139005927,0.0831390661301162,0.09130856977874173,0.07990569394431726,0.0783045972800101,0.09837906454327187,0.11537477960742212,1497.8205708056712,2.2057875839376697,0.0
35,0.2508617381241952,0.2541209970785267,0.26519007464440175,0.22982719015287628,0.0909307944484399,0.0942286086397878,0.08059107145690163,0.07305561611669484,0.07317385803720361,0.055955731864806076,0.09658273669741377,0.07668848771901374,0.10090403483111601,0.07446587646285385,0.08005492213558804,0.10336826159018075,34.887867706776476,2.625313748534499,0.0
48,0.28200170135588837,0.21023138237122552,0.25404935031394954,0.25371756595893663,0.07802009038953255,0.0906182731254214,0.10261354151646482,0.06623818026139475,0.11128905001490716,0.06988444346056048,0.07449747171104405,0.06866312598557218,0.07098917023818899,0.09085970936687017,0.09911841156168656,0.07720853236835698,54.45652596655383,2.223432783896376,0.0
40,0.20911894225774977,0.22387276088678085,0.27903870658768737,0.28796959026778207,0.069226976256791,0.09294026836940847,0.06421071028552439,0.09368900766090568,0.06355168002270258,0.09573338262988475,0.09307348923623006,0.09915258078890388,0.10835951848656587,0.07652631266679065,0.060642596230928505,0.08289347736536433,54.0598595904952,1.9200989035717202,0.0
40,0.22874178548444618,0.2550357213212657,0.2716597454820773,0.24456274771221098,0.08056894475257763,0.0778298357263993,0.07267589117578528,0.11164172841876156,0.09027711393592534,0.09049586920666738,0.07919043389671705,0.08341394885364833,0.07090826008979645,0.08932831543840707,0.06196817753505305,0.09170148097026164,14.34697870301273,2.230229402723943,0.0
49,0.28140960208017196,0.2109243150545143,0.24065990600363443,0.26700617686167927,0.0808319876780239,0.09315973429312656,0.10489750889165479,0.047720257521194236,0.11338678649367724,0.07287098282574513,0.07738498651917222,0.07167588249390426,0.073951995228806,0.09339598779656276,0.1014774063758675,0.06924648388226536,67.05843758707505,2.223432783896376,0.0
29,0.22518879321532292,0.24993131885800868,0.28565369003761765,0.23922619788905086,0.07184853232710564,0.06564100179578726,0.036736456914822115,0.11815208092658658,0.0649036757652854,0.09190708562086887,0.08404251689987624,0.0920366516939773,0.08087855318745137,0.07931182611278872,0.09895536923664579,0.1155862495188046,2698.126303876364,2.2057875839376697,0.0
36,0.24418373279799965,0.26073344009942334,0.27165687190785265,0.22342595519472436,0.09265717894261959,0.09591940521103924,0.08242903569559432,0.07497489821877105,0.07509186414733189,0.04715045418281174,0.09824812900905054,0.07856856617070522,0.09173142752260495,0.07636993992810101,0.08189867215832368,0.10496042881304667,40.055284291817614,2.625313748534499,0.0
41,0.22929269624368437,0.2678908651144221,0.2581113338091084,0.24470510483278513,0.08336523497898306,0.08071384864920199,0.06481587340022282,0.11344288178069194,0.09276249036893854,0.09297423978412053,0.07112178139803346,0.08611912498834659,0.06333903006373456,0.09184407808888896,0.0653601758693813,0.09414124062945634,3075.290047007814,2.230229402723943,0.0
41,0.211976400546435,0.22675229816492384,0.26935028120777343,0.2919210200808678,0.07643720140028742,0.06778102165701523,0.07141914407134299,0.07920233046184129,0.0707598784623637,0.10295307347054292,0.08949957888174473,0.09557955676993757,0.10467073159169042,0.08373914447476531,0.06784975580829332,0.09010858295017499,25.751012454754182,1.9200989035717202,0.0
37,0.24425924205041383,0.2605940940189232,0.27137571319374987,0.22377095073691303,0.09414764077051446,0.09730539099150821,0.08424706400448406,0.06647193630867591,0.0771448726873813,0.05009831422377006,0.09955953508904988,0.08051022986352682,0.08234244655325156,0.0783820168175233,0.08373368588806214,0.1060568668022523,206.35936456971947,2.625313748534499,0.0
30,0.2189363090940686,0.2565111699256665,0.2917635099055438,0.23278901107472116,0.07300415919278953,0.06692988125128868,0.03864580943017447,0.11831374284316665,0.06620838286796608,0.08172303905178574,0.08493638427580513,0.0927589147323536,0.08184033909501567,0.08030724382275542,0.09952911314553489,0.11580299029136405,4361.984480517481,2.2057875839376697,0.0
42,0.21262602957701768,0.2645575317810888,0.26811133380910845,0.25470510483278513,0.08425412627821534,0.0816596553503429,0.06610295049288148,0.10301120457875922,0.09344965755073466,0.09365686149363536,0.0722734941026122,0.08694890051296143,0.06465780948928532,0.09255096016603992,0.06663556881271623,0.09479881117181609,10.576817216500038,2.230229402723943,0.0
42,0.23106502598590553,0.24606355602800856,0.22316799028526382,0.2997034277008221,0.07463988097042809,0.07707759995292145,0.08063804913493104,0.07757888209249396,0.06931667486238087,0.11149873504609362,0.09833247004763898,0.08293154437873519,0.10238835458150625,0.08178592892753325,0.04488340801209498,0.09892847199324245,31.434251718271348,1.9180587572097139,0.0
38,0.24769879441370804,0.250448715175977,0.27410636889107404,0.22774612151924092,0.0990154151168659,0.08018209116232251,0.08889400764229952,0.07072240869677074,0.08163340313596769,0.042831159353465494,0.09339560447596346,0.08507382404094918,0.08694690801743357,0.08289814155897532,0.07721676235599458,0.11119027444299194,32.301500974123435,2.625313748534499,0.0
31,0.21706524995742765,0.25301186137417003,0.28689691505506376,0.24302597361333855,0.07932314561808106,0.07318114101468196,0.033672618041204604,0.11410719514808518,0.07245159810696683,0.08813923878111579,0.08035900022651182,0.09929816168279652,0.07710678700156263,0.08670765779356122,0.08420534342122972,0.11144811316420254,3198.1339914930513,2.2057875839376697,0.0
43,0.20596794199571564,0.253423703856116,0.2835422711357198,0.2570660830124485,0.08972970068533216,0.08713461212024137,0.07157420384879606,0.0975795563610083,0.09892742103705658,0.09913467430672582,0.07774621641211958,0.08139570467069814,0.05921703089971049,0.07620644662345573,0.07210694896322849,0.08924748407162714,13.092288077037843,2.230229402723943,0.0
43,0.2479208398841272,0.22322671444902145,0.22707235896028546,0.301780086706566,0.08106138375285382,0.07234785359722196,0.07591000757912073,0.08400179211556012,0.06482261334646369,0.1179378864360772,0.09385100286390713,0.07820460098504922,0.0979140528668409,0.08821085335176385,0.05129066292038789,0.09444729018475369,59.71576961122853,1.9173278326157923,0.0
39,0.2476533401927052,0.26373708325003636,0.2607322768514033,0.22787729970585519,0.10122425182467498,0.08395466895074291,0.08149622438395418,0.07528042903992153,0.07483847179924946,0.04970500522443958,0.09607105710274927,0.07799447597456341,0.09015779940122981,0.08644520421302497,0.08123555300005142,0.1015968590853984,210.0482338070479,2.625313748534499,0.0
32,0.22459291857292188,0.24626645664180052,0.292598998242971,0.2365416265423065,0.07090277385856898,0.075594615597482,0.031144735889162046,0.1158746853673221,0.07487658792916414,0.09031661199840751,0.08265917815971098,0.10129940040920388,0.06872139865397814,0.08890762734838696,0.0864448099662118,0.11325757482240156,23573.124162120555,2.2057875839376697,0.0
44,0.21609524781754985,0.25004593424442617,0.293683370401569,0.24017544753645498,0.09346891298296224,0.09084457059127721,0.07510875347582091,0.09037519170609092,0.09173825054546605,0.091947840132783,0.08135034169359179,0.08504096977996288,0.06261228100551257,0.07979321444013902,0.07564750410135851,0.08207216954503495,71.37600869594891,2.230229402723943,0.0
40,0.2576838289234988,0.26022540146577905,0.2309414756697933,0.25114929394092905,0.10293907298578911,0.0651125996341043,0.08425278004525852,0.0783652085175936,0.07794658873965572,0.05414028978558384,0.09805799166922835,0.08093594075260585,0.09245698234503393,0.08894042999509127,0.08400587336107751,0.09284624216897805,14638.543615966291,2.625313748534499,0.0
44,0.24101246701129647,0.2184349777588194,0.2480748619945237,0.2924776932353604,0.08451380613544837,0.0758471849187809,0.07949225607435247,0.07648979090663231,0.07906395195035379,0.10052667416913161,0.08656108364458359,0.07092819909940908,0.09083478471356905,0.0920691653708902,0.05431649104237092,0.10935661197447771,13.430022305941897,1.9173278326157923,0.0
33,0.2212562530179028,0.2429312740534841,0.28927205401553685,0.24654041891307624,0.043756933823893854,0.08113171564695706,0.037151043395465926,0.11007620462463559,0.0695108780547007,0.09569830846667943,0.08812170555667982,0.10656516391538602,0.07433105153516965,0.094304196885128,0.09186737669997808,0.10748542139532588,3249.0831025319417,2.2057875839376697,0.0
45,0.1993106567835385,0.25582718314623676,0.2987420156832262,0.24612014438699856,0.0951580973752324,0.09256207522518427,0.07699606908579407,0.09209776157976618,0.0934461111510905,0.08286207207379612,0.08317030203502783,0.08682110319960355,0.06463445063494948,0.07083861140661234,0.07752900585566039,0.08388434037728276,9.398253379361945,2.230229402723943,0.0
41,0.26077242688619817,0.2500896612266287,0.23472918986194374,0.25440872202522957,0.0946594291492581,0.067857865363536,0.08700032388545646,0.08111205160472672,0.080693382001646,0.04597386022845399,0.10080717863924821,0.08368308981453419,0.09520550266931853,0.09168853177077307,0.08675338781384212,0.08456539705920658,176.30913758502612,2.625313748534499,0.0
34,0.21492393389924613,0.24964709062295576,0.28222022874340263,0.2532087467343954,0.04646990214282656,0.08384913240321003,0.039863225465273364,0.10200569951780133,0.06131652233504469,0.0984174589741937,0.09083995427851133,0.10928560782243264,0.07704765885986044,0.08611279212650506,0.0945860712406877,0.11020597483365319,3116.0977319391473,2.2057875839376697,0.0
45,0.23055387566861751,0.24795268460129632,0.23753761177394525,0.28395582795614105,0.0790479988377882,0.08129100237035923,0.08493694126801457,0.08193376133636529,0.08450853518235392,0.09518371547467026,0.08109706230085156,0.07637084554202139,0.09628217009853517,0.07569476735908952,0.05975518291796667,0.10389801731198443,12604.933771393182,1.9173278326157923,0.0
42,0.25410576021953146,0.24342299455996194,0.24139585652861034,0.2610753886918962,0.09441630000275145,0.06819006609540669,0.08692160723872529,0.08115973426074555,0.08075005193668132,0.046775829146742304,0.10043208017950864,0.08367558184390234,0.09495065135561323,0.09150917673987778,0.08667997196601898,0.08453894923402643,133.54912377915815,2.625313748534499,0.0
46,0.19953941604411382,0.26462152817107265,0.29445118121816866,0.24138787456664484,0.0865979678587382,0.0840847868159627,0.07992589350289891,0.0945456791195092,0.09585100179621438,0.07469431838930495,0.08590310182579641,0.08943740305569318,0.067958744013011,0.07396492513800072,0.08044182384155228,0.08659435464331826,76.30908348716399,2.230229402723943,0.0
35,0.20934853327272496,0.2431639343410883,0.2878702885529156,0.2596172438332713,0.049585171347956265,0.08656102861991836,0.043049789742463006,0.10452166155701406,0.05348020930788428,0.10097214303366119,0.09347640997138547,0.1117230097000846,0.06892386136398883,0.077891169451497,0.09718210121094842,0.11263344469319844,18026.54117740872,2.2057875839376697,0.0
46,0.2373886930940304,0.24140067559338452,0.24428053793481436,0.2769300933777708,0.07164779294261672,0.08494494724944406,0.0886310987084706,0.0635359719393399,0.08819796755568869,0.09899088880711145,0.08474886813505211,0.07997052398549956,0.1001014587393278,0.07928698905790299,0.06317160037662069,0.09677189250292541,39768.699553349914,1.9173278326157923,0.0
43,0.26066509139569455,0.2502616016389288,0.23495412505311053,0.25411918191226623,0.09595754215242584,0.05961937462430943,0.0886237325633844,0.08298554556530308,0.07190974429004096,0.049339734993302437,0.1018441859062075,0.08544738725926601,0.09648042296941477,0.09311282401212745,0.08838728430115142,0.08629222136306673,64.32402358759346,2.625313748534499,0.0
47,0.20236690229964374,0.2548254695327644,0.28440131980946826,0.25840630835812367,0.08829792044298898,0.08589119219983825,0.0819084604242765,0.09590898420407012,0.09715901629446899,0.07689848328066973,0.08763248740087107,0.09101708343474894,0.07044821296215484,0.0761999855169198,0.07137312532830281,0.07726504851069002,5383.514394136206,2.230229402723943,0.0
36,0.22396022214068834,0.24347352657126262,0.2732803797548414,0.2592858715332076,0.0553413900940407,0.09192258078751608,0.03808439781999767,0.09890014168749982,0.04851994055749929,0.10617987631408554,0.08797149860361303,0.1059069013103526,0.07447366610958356,0.08334526047840489,0.0916376366700963,0.11771670956731049,336533.622316709,2.2057875839376697,0.0
47,0.22409591158005465,0.2414402834840496,0.2576592770044026,0.2768045279314931,0.06492105343970024,0.08844482111670189,0.09197441523843741,0.0679451226515497,0.09155967992769594,0.10189420682622888,0.08825706982724846,0.0728903034535081,0.10295760889966464,0.06179003683031911,0.0675962265901163,0.09976945519882932,134233917.6899762,1.919786829620161,0.0
44,0.2635880319311142,0.2536319556588714,0.2253913238845359,0.2573886885254786,0.09918220923547955,0.06400362119486186,0.0920824272747739,0.08662415925539722,0.07590179550437101,0.04349103970056891,0.08294120445989973,0.08900744164590658,0.0996884045146158,0.09642826828697688,0.08082411249773043,0.08982531642941827,195043437.30307907,2.625313748534499,0.0
48,0.2056772296702783,0.26265485247825027,0.27856749094816846,0.2531004269033029,0.0701161022611708,0.0895275558362019,0.08554482406064015,0.09954534784043376,0.10079537993083262,0.06962575600794246,0.09126885103723471,0.08374435616202168,0.07408457659851848,0.07983634915328344,0.07500948896466646,0.08090141214705367,5.662996654593033e+16,2.230229402723943,0.0
37,0.21430285079673186,0.24689273455497407,0.2763073923019269,0.2624970223463673,0.060842845771554,0.09742839044720572,0.04358379952837129,0.10440678183343703,0.05402058432951865,0.10065797114701545,0.09347683799590349,0.08947457431754413,0.0799773989570628,0.07782063747989014,0.08611400065033903,0.1121961775421585,7764.015396253517,2.2057875839376697,0.0
45,0.26955107106297116,0.24699808484652094,0.21985761126756026,0.2635932328229477,0.10154975075137805,0.06712631613914642,0.08369328379060294,0.07835218448200917,0.06809416759813702,0.047054063467106846,0.08565737993525543,0.09159339757398748,0.10204507990080974,0.09885492667096665,0.08358573406238326,0.09239371562821697,360.68737432438434,2.625313748534499,0.0
48,0.23484361946401516,0.25151231410107483,0.2541147066952006,0.25952935973970936,0.07039356909811131,0.09392013663108381,0.08642073908897963,0.07341799824202418,0.09703536618013987,0.08543262044537125,0.09373236299501585,0.07836376763141405,0.1084346517613017,0.04544399800934591,0.07306906065413404,0.09433572926307819,4090.7001060776156,1.919786829620161,0.0
49,0.22068815553833426,0.2621201578564713,0.2642553793436624,0.2529363072615321,0.07569365903860094,0.09489563649591584,0.08004679293114336,0.08310486501547157,0.10604186536650377,0.0752086042917024,0.08570904983245092,0.0674743876357474,0.07961930811331537,0.08530901118007926,0.0805342394107639,0.0863625806883052,49.70940097437493,2.230229402723943,0.0
38,0.19907780157815885,0.2524274410316378,0.2809410363971243,0.2675537209930791,0.06380301126846004,0.08908465699895265,0.03582112281665242,0.10689683291240908,0.05705437135277758,0.09239711011109278,0.09608483810909353,0.09212576432654382,0.08273107646995258,0.08059758939720983,0.08880145584279776,0.11460217039405801,1319.5891952275272,2.2057875839376697,0.0
46,0.27228614520935124,0.2503227540272992,0.22389180460180508,0.2534992961615445,0.10317135252548025,0.06911939382633027,0.08550758125133222,0.08022411970506141,0.07007680084511593,0.04926374819751412,0.08745048211384818,0.08241335109918645,0.10366133639632095,0.08959651837137808,0.08540119213169045,0.09411412353674178,5961.8831143574025,2.625313748534499,0.0
49,0.23893512252752475,0.25496300865385907,0.2439518417885304,0.2621500270300858,0.07844110128339288,0.09120077808565863,0.09464889902572304,0.04876452379661572,0.0835623753166976,0.08273925485411644,0.10204292563831532,0.06468034605163345,0.11691091061689012,0.042298658205681704,0.08114674588727715,0.11356348123799792,6780.535082402531,1.925094560209751,0.0
47,0.27499299979269404,0.2536037900629429,0.22786381594272043,0.24353939420164258,0.09397427775983576,0.07108115314736727,0.08729248962893393,0.08206604385474518,0.07202822843573438,0.051439777075696594,0.08921442393537958,0.08423165044965304,0.09434125003233187,0.09133730152825988,0.08718724859331708,0.09580615555874555,34.162440685609496,2.625313748534499,0.0
39,0.20043031001743816,0.2348865692075496,0.2756998870123905,0.2889832337626218,0.05853047174009594,0.09329807790050147,0.04229673971827859,0.09967882606025129,0.06262817483468829,0.07500356508832857,0.10000094900389406,0.09621002404985131,0.07642297820756803,0.08517147099059591,0.09302690479566736,0.11773181761027914,6014.136790242551,2.2057875839376697,0.0
48,0.28124309190068497,0.26013531914106214,0.20841823941715829,0.2502033495410947,0.09670303340257876,0.07380718399480886,0.07911135907993186,0.08479338215056234,0.06384398267078699,0.05416347015884695,0.09194261304875817,0.08695924650122763,0.09707004935300616,0.09406574331168628,0.08991519642736222,0.08762473990044367,60.439815142681795,2.625313748534499,0.0
40,0.22060226893932364,0.25506465477580603,0.269038382724875,0.25529469355999546,0.0626796398864075,0.09670091487063022,0.046794385705077116,0.10294469210241274,0.0666893805381407,0.07879911719684816,0.08155944244911845,0.08864126145888136,0.06939669388985685,0.08874875598183556,0.09643556284365076,0.12061015307714044,1847.8751632233866,2.2057875839376697,0.0
49,0.2669102017625902,0.27294281334128123,0.20990712040623383,0.25023986448989455,0.08810031810784251,0.07685180901048592,0.08193070644842526,0.07692564137673258,0.0673117623743604,0.04748268185857348,0.09421699448793663,0.08944528028461889,0.09912665955195069,0.0962499516735019,0.09227568581716433,0.09008250900840742,2703.283909145765,2.625313748534499,0.0
41,0.2243623011547716,0.2583772816536815,0.2721695967284398,0.24509082046310704,0.06737550568022531,0.101037656274952,0.05165793428598929,0.1072155249631084,0.07134292000338152,0.07264864391218492,0.08605601537186416,0.08226914368343123,0.06334547142784715,0.09316943939619189,0.100775105271295,0.10310663972952916,4006.801989602178,2.2057875839376697,0.0
42,0.22527506241723746,0.25796493589090735,0.2712199496551306,0.24554005203672466,0.05173010893117989,0.09655678586540671,0.05807231494863693,0.09182386158391256,0.07776438235364441,0.07907057599755285,0.08133035441177502,0.08869453675043562,0.06976405669029581,0.08844633749545577,0.10720715587114524,0.10953952910055935,252137135.38539854,2.2055332697728764,0.0
43,0.22234609856677542,0.26777521047517966,0.2677025731277184,0.2421761178303265,0.047636195794328685,0.10266460115337189,0.053910183711905806,0.09798163703780075,0.0840705679390619,0.08536297356370444,0.06612877828561438,0.09488534497193403,0.076154692728289,0.07328611338839665,0.11320254716477182,0.10471636426082058,20911.98777054892,2.2057875839376697,0.0
44,0.2151255503492093,0.2881955962023218,0.24776161690872356,0.24891723653974535,0.051086777882506075,0.10494033709104092,0.04631772642373781,0.10035735338246594,0.08674328300417838,0.08800809601073395,0.0691845472002846,0.08665098271155687,0.0789964102469311,0.0761890745388124,0.10457711606741985,0.10694829544033219,3274.3610838906916,2.2057875839376697,0.0
45,0.21745197089180585,0.2927199651879775,0.25117081912490447,0.2386572447953123,0.042710864893585325,0.10773621431523271,0.04909251412203952,0.10315158187500836,0.08953261382521754,0.07964546549227465,0.0719675612536275,0.07828786397062278,0.08178295412498493,0.07897460847584818,0.10737286262258999,0.10974489502896853,2320.19120978613,2.2057875839376697,0.0
46,0.2272742134582566,0.28988821272212933,0.23406378110627024,0.2487737927133438,0.04864819284824406,0.11440655782928338,0.05510178091625305,0.09873817735949164,0.08520638550095047,0.08599914856320065,0.07823469310536733,0.07359417657696168,0.07712866606538989,0.07428866259241555,0.1140391101579707,0.09461444848447143,2983.0388391733763,2.2057875839376697,0.0
47,0.2276142865227549,0.302751108365811,0.2341378997300286,0.2354967053814056,0.05377031529610234,0.1092245445967855,0.04926567087956732,0.09350367196272133,0.07970231154424307,0.08050381831673865,0.08368313724723805,0.0789914385512397,0.0825649113796138,0.07969358433892283,0.10885304419380394,0.10024355169302342,8084.700838191487,2.2057875839376697,0.0
48,0.2348933133628882,0.3071030622216853,0.22834887658688813,0.2296547478285384,0.04671286532715464,0.11260460852849291,0.0532857135781183,0.0861424437456932,0.08339748483561829,0.08419043662226978,0.08733582068237554,0.08269419943713163,0.07520011857797393,0.072479759872158,0.11223707338294601,0.10371947541006782,3862.054836236784,2.2057875839376697,0.0
49,0.2548727873098678,0.2733253903503473,0.23525656680723606,0.23654525553254882,0.03760261913107629,0.11287895285957605,0.05482650520910322,0.08698175033992654,0.08429539578859624,0.08507141820308063,0.08814964890246704,0.08360712540167917,0.07627304176561987,0.07361076220879395,0.11251926452056672,0.1041835156695143,1959.8043747929166,2.2057875839376697,0.0
